dataset,protocol,n_seeds,mean_acc_all_models,mean_auc_all_models,inflation_acc,inflation_auc,inflation_acc_RF,inflation_acc_LR,best_model_mean_acc,best_model,reported_acc_median_seed,reported_acc_max_seed,reported_auc_max_seed,pct_seeds_top_is_ensemble,mean_ens_gap_acc,pct_seeds_ens_gap_ge_1pt,pct_seeds_tied,pct_seeds_single_gap_ge_1pt
pima,L0,50,0.7478246753246753,0.8194328703703704,0.0,0.0,0.0,0.0,0.7625974025974025,Stacking(RF+XGB->LR),0.7792207792207793,0.8376623376623377,0.8777777777777778,32.0,-0.003896103896103911,22.0,18.0,36.0
pima,L1,50,0.7481331168831169,0.8200944444444443,0.00030844155844153565,0.0006615740740740506,0.0009090909090909705,0.0,0.7636363636363636,Stacking(RF+XGB->LR),0.7792207792207793,0.8441558441558441,0.8772222222222222,28.000000000000004,-0.005974025974025972,18.0,12.0,40.0
pima,L2,50,0.7900875,0.866661,0.04226282467532469,0.04722812962962965,0.05042857142857149,-0.013079220779220857,0.809,RandomForest,0.815,0.855,0.937,24.0,-0.005399999999999989,8.0,20.0,36.0
pima,L3,50,0.792825,0.868894,0.04500032467532469,0.04946112962962965,0.059528571428571486,-0.013279220779220724,0.8181,RandomForest,0.82,0.88,0.9407,20.0,-0.006199999999999986,8.0,24.0,40.0
pima,L4,50,0.7985428571428571,0.877105409471481,0.050718181818181815,0.05767253910111057,0.0632571428571429,-0.007236363636363707,0.8218285714285715,RandomForest,0.8342857142857143,0.8971428571428571,0.9603610675039248,30.0,-0.005942857142857143,18.0,16.0,30.0
early_stage,L0-group,50,0.9016826923076923,0.9622773437500001,0.0,0.0,0.0,0.0,0.9246153846153846,RandomForest,0.9423076923076924,0.9903846153846154,1.0,0.0,-0.02096153846153843,0.0,34.0,54.0
early_stage,L0,50,0.9582932692307692,0.9890751953125,0.0566105769230769,0.026797851562500016,0.05519230769230765,0.025192307692307736,0.9798076923076923,RandomForest,0.9903846153846154,1.0,1.0,6.0,-0.004038461538461533,0.0,64.0,10.0
early_stage,L1,50,0.9583894230769231,0.9891240234374999,0.05670673076923076,0.026846679687500014,0.055961538461538396,0.025192307692307736,0.980576923076923,RandomForest,0.9903846153846154,1.0,1.0,4.0,-0.003653846153846152,0.0,68.0,10.0
early_stage,L2,50,0.96484375,0.9910934448242188,0.0631610576923077,0.02881610107421874,0.061478365384615374,0.038605769230769305,0.98609375,RandomForest,0.9921875,1.0,1.0,4.0,-0.0034375,0.0,52.0,4.0
early_stage,L3,50,0.96666015625,0.9914486694335938,0.0649774639423077,0.02917132568359375,0.061478365384615374,0.05376201923076929,0.98609375,RandomForest,0.9921875,1.0,1.0,4.0,-0.0034375,0.0,52.0,4.0
early_stage,L4,50,0.95234375,0.9857177734375,0.05066105769230769,0.023440429687500028,0.04522836538461539,0.022668269230769256,0.96984375,RandomForest,0.9765625,1.0,1.0,6.0,-0.004375,4.0,48.0,20.0
