dataset,protocol,seed,model,accuracy,precision,sensitivity,specificity,f1,roc_auc
pima,L1,1000,LogisticRegression,0.7207792207792207,0.6,0.6111111111111112,0.78,0.6055045871559633,0.7911111111111111
pima,L1,1000,DecisionTree,0.6948051948051948,0.5443037974683544,0.7962962962962963,0.64,0.6466165413533834,0.7193518518518518
pima,L1,1000,RandomForest,0.7207792207792207,0.582089552238806,0.7222222222222222,0.72,0.6446280991735537,0.8142592592592592
pima,L1,1000,SVM,0.7207792207792207,0.5873015873015873,0.6851851851851852,0.74,0.6324786324786325,0.8194444444444444
pima,L1,1000,XGBoost,0.7272727272727273,0.59375,0.7037037037037037,0.74,0.6440677966101694,0.8066666666666666
pima,L1,1000,NeuralNetwork,0.7467532467532467,0.6363636363636364,0.6481481481481481,0.8,0.6422018348623854,0.81
pima,L1,1000,Voting(RF+XGB),0.7337662337662337,0.6,0.7222222222222222,0.74,0.6554621848739496,0.8155555555555555
pima,L1,1000,Stacking(RF+XGB->LR),0.7727272727272727,0.6938775510204082,0.6296296296296297,0.85,0.6601941747572816,0.8157407407407408
pima,L1,1001,LogisticRegression,0.7922077922077922,0.6964285714285714,0.7222222222222222,0.83,0.7090909090909091,0.8592592592592593
pima,L1,1001,DecisionTree,0.7207792207792207,0.5662650602409639,0.8703703703703703,0.64,0.6861313868613139,0.8066666666666666
pima,L1,1001,RandomForest,0.7922077922077922,0.6774193548387096,0.7777777777777778,0.8,0.7241379310344828,0.8537037037037036
pima,L1,1001,SVM,0.8051948051948052,0.7068965517241379,0.7592592592592593,0.83,0.7321428571428571,0.8464814814814815
pima,L1,1001,XGBoost,0.7857142857142857,0.6666666666666666,0.7777777777777778,0.79,0.717948717948718,0.8464814814814814
pima,L1,1001,NeuralNetwork,0.7987012987012987,0.7017543859649122,0.7407407407407407,0.83,0.7207207207207207,0.8412962962962963
pima,L1,1001,Voting(RF+XGB),0.7987012987012987,0.6825396825396826,0.7962962962962963,0.8,0.7350427350427351,0.8516666666666668
pima,L1,1001,Stacking(RF+XGB->LR),0.7987012987012987,0.7674418604651163,0.6111111111111112,0.9,0.6804123711340206,0.8525925925925926
pima,L1,1002,LogisticRegression,0.7402597402597403,0.5921052631578947,0.8333333333333334,0.69,0.6923076923076923,0.8518518518518519
pima,L1,1002,DecisionTree,0.6558441558441559,0.5068493150684932,0.6851851851851852,0.64,0.5826771653543307,0.7582407407407407
pima,L1,1002,RandomForest,0.7532467532467533,0.6081081081081081,0.8333333333333334,0.71,0.703125,0.8385185185185186
pima,L1,1002,SVM,0.7272727272727273,0.581081081081081,0.7962962962962963,0.69,0.671875,0.8275925925925925
pima,L1,1002,XGBoost,0.7207792207792207,0.5753424657534246,0.7777777777777778,0.69,0.6614173228346457,0.815
pima,L1,1002,NeuralNetwork,0.7337662337662337,0.5970149253731343,0.7407407407407407,0.73,0.6611570247933884,0.8007407407407408
pima,L1,1002,Voting(RF+XGB),0.7337662337662337,0.5866666666666667,0.8148148148148148,0.69,0.6821705426356589,0.8301851851851851
pima,L1,1002,Stacking(RF+XGB->LR),0.7662337662337663,0.6607142857142857,0.6851851851851852,0.81,0.6727272727272727,0.8294444444444444
pima,L1,1003,LogisticRegression,0.7467532467532467,0.6415094339622641,0.6296296296296297,0.81,0.6355140186915887,0.8146296296296297
pima,L1,1003,DecisionTree,0.7402597402597403,0.625,0.6481481481481481,0.79,0.6363636363636364,0.7738888888888888
pima,L1,1003,RandomForest,0.7922077922077922,0.6964285714285714,0.7222222222222222,0.83,0.7090909090909091,0.8272222222222222
pima,L1,1003,SVM,0.7467532467532467,0.6229508196721312,0.7037037037037037,0.77,0.6608695652173913,0.8225925925925925
pima,L1,1003,XGBoost,0.7597402597402597,0.6545454545454545,0.6666666666666666,0.81,0.6605504587155964,0.8281481481481481
pima,L1,1003,NeuralNetwork,0.7207792207792207,0.6122448979591837,0.5555555555555556,0.81,0.5825242718446602,0.7959259259259258
pima,L1,1003,Voting(RF+XGB),0.7792207792207793,0.6851851851851852,0.6851851851851852,0.83,0.6851851851851852,0.8340740740740741
pima,L1,1003,Stacking(RF+XGB->LR),0.7727272727272727,0.7435897435897436,0.5370370370370371,0.9,0.6236559139784946,0.833888888888889
pima,L1,1004,LogisticRegression,0.7077922077922078,0.5818181818181818,0.5925925925925926,0.77,0.5871559633027523,0.7853703703703704
pima,L1,1004,DecisionTree,0.7142857142857143,0.5757575757575758,0.7037037037037037,0.72,0.6333333333333333,0.765462962962963
pima,L1,1004,RandomForest,0.7597402597402597,0.6666666666666666,0.6296296296296297,0.83,0.6476190476190476,0.8224074074074074
pima,L1,1004,SVM,0.6883116883116883,0.5535714285714286,0.5740740740740741,0.75,0.5636363636363636,0.8098148148148149
pima,L1,1004,XGBoost,0.7402597402597403,0.6206896551724138,0.6666666666666666,0.78,0.6428571428571429,0.8031481481481483
pima,L1,1004,NeuralNetwork,0.7402597402597403,0.6458333333333334,0.5740740740740741,0.83,0.6078431372549019,0.7766666666666667
pima,L1,1004,Voting(RF+XGB),0.7402597402597403,0.64,0.5925925925925926,0.82,0.6153846153846154,0.815
pima,L1,1004,Stacking(RF+XGB->LR),0.7597402597402597,0.6976744186046512,0.5555555555555556,0.87,0.6185567010309279,0.8153703703703704
pima,L1,1005,LogisticRegression,0.7727272727272727,0.6610169491525424,0.7222222222222222,0.8,0.6902654867256637,0.8159259259259259
pima,L1,1005,DecisionTree,0.7272727272727273,0.5909090909090909,0.7222222222222222,0.73,0.65,0.7961111111111111
pima,L1,1005,RandomForest,0.7662337662337663,0.6666666666666666,0.6666666666666666,0.82,0.6666666666666666,0.8222222222222222
pima,L1,1005,SVM,0.7532467532467533,0.6379310344827587,0.6851851851851852,0.79,0.6607142857142857,0.8233333333333333
pima,L1,1005,XGBoost,0.7402597402597403,0.6206896551724138,0.6666666666666666,0.78,0.6428571428571429,0.82
pima,L1,1005,NeuralNetwork,0.7337662337662337,0.6226415094339622,0.6111111111111112,0.8,0.616822429906542,0.7718518518518519
pima,L1,1005,Voting(RF+XGB),0.7662337662337663,0.6730769230769231,0.6481481481481481,0.83,0.660377358490566,0.825925925925926
pima,L1,1005,Stacking(RF+XGB->LR),0.7467532467532467,0.6744186046511628,0.5370370370370371,0.86,0.5979381443298969,0.826111111111111
pima,L1,1006,LogisticRegression,0.7467532467532467,0.6271186440677966,0.6851851851851852,0.78,0.6548672566371682,0.8192592592592592
pima,L1,1006,DecisionTree,0.6883116883116883,0.5517241379310345,0.5925925925925926,0.74,0.5714285714285714,0.7007407407407407
pima,L1,1006,RandomForest,0.7337662337662337,0.6140350877192983,0.6481481481481481,0.78,0.6306306306306306,0.7916666666666666
pima,L1,1006,SVM,0.7402597402597403,0.6029411764705882,0.7592592592592593,0.73,0.6721311475409836,0.8061111111111111
pima,L1,1006,XGBoost,0.7467532467532467,0.6229508196721312,0.7037037037037037,0.77,0.6608695652173913,0.806111111111111
pima,L1,1006,NeuralNetwork,0.7597402597402597,0.6268656716417911,0.7777777777777778,0.75,0.6942148760330579,0.8187037037037037
pima,L1,1006,Voting(RF+XGB),0.7402597402597403,0.6166666666666667,0.6851851851851852,0.77,0.6491228070175439,0.8061111111111111
pima,L1,1006,Stacking(RF+XGB->LR),0.7662337662337663,0.6956521739130435,0.5925925925925926,0.86,0.64,0.8012962962962963
pima,L1,1007,LogisticRegression,0.6948051948051948,0.559322033898305,0.6111111111111112,0.74,0.584070796460177,0.7883333333333333
pima,L1,1007,DecisionTree,0.7402597402597403,0.609375,0.7222222222222222,0.75,0.6610169491525424,0.7824074074074074
pima,L1,1007,RandomForest,0.7597402597402597,0.6440677966101694,0.7037037037037037,0.79,0.672566371681416,0.8253703703703703
pima,L1,1007,SVM,0.7207792207792207,0.582089552238806,0.7222222222222222,0.72,0.6446280991735537,0.7933333333333333
pima,L1,1007,XGBoost,0.7142857142857143,0.5806451612903226,0.6666666666666666,0.74,0.6206896551724138,0.7911111111111111
pima,L1,1007,NeuralNetwork,0.7727272727272727,0.6610169491525424,0.7222222222222222,0.8,0.6902654867256637,0.7972222222222222
pima,L1,1007,Voting(RF+XGB),0.7207792207792207,0.5901639344262295,0.6666666666666666,0.75,0.6260869565217392,0.8105555555555556
pima,L1,1007,Stacking(RF+XGB->LR),0.7402597402597403,0.6458333333333334,0.5740740740740741,0.83,0.6078431372549019,0.8129629629629629
pima,L1,1008,LogisticRegression,0.7402597402597403,0.6166666666666667,0.6851851851851852,0.77,0.6491228070175439,0.8187037037037037
pima,L1,1008,DecisionTree,0.7077922077922078,0.5671641791044776,0.7037037037037037,0.71,0.628099173553719,0.763611111111111
pima,L1,1008,RandomForest,0.7922077922077922,0.671875,0.7962962962962963,0.79,0.7288135593220338,0.8675925925925926
pima,L1,1008,SVM,0.7857142857142857,0.6438356164383562,0.8703703703703703,0.74,0.7401574803149606,0.8497222222222222
pima,L1,1008,XGBoost,0.7597402597402597,0.6349206349206349,0.7407407407407407,0.77,0.6837606837606838,0.8562962962962963
pima,L1,1008,NeuralNetwork,0.7402597402597403,0.6060606060606061,0.7407407407407407,0.74,0.6666666666666666,0.8183333333333334
pima,L1,1008,Voting(RF+XGB),0.7922077922077922,0.6774193548387096,0.7777777777777778,0.8,0.7241379310344828,0.8681481481481482
pima,L1,1008,Stacking(RF+XGB->LR),0.7597402597402597,0.6666666666666666,0.6296296296296297,0.83,0.6476190476190476,0.8694444444444445
pima,L1,1009,LogisticRegression,0.7402597402597403,0.6166666666666667,0.6851851851851852,0.77,0.6491228070175439,0.8292592592592593
pima,L1,1009,DecisionTree,0.7142857142857143,0.5714285714285714,0.7407407407407407,0.7,0.6451612903225806,0.7951851851851852
pima,L1,1009,RandomForest,0.7402597402597403,0.6166666666666667,0.6851851851851852,0.77,0.6491228070175439,0.8257407407407408
pima,L1,1009,SVM,0.7077922077922078,0.5737704918032787,0.6481481481481481,0.74,0.6086956521739131,0.8109259259259259
pima,L1,1009,XGBoost,0.7662337662337663,0.65,0.7222222222222222,0.79,0.6842105263157895,0.8140740740740741
pima,L1,1009,NeuralNetwork,0.7402597402597403,0.6346153846153846,0.6111111111111112,0.81,0.6226415094339622,0.7792592592592592
pima,L1,1009,Voting(RF+XGB),0.7597402597402597,0.639344262295082,0.7222222222222222,0.78,0.6782608695652174,0.8240740740740741
pima,L1,1009,Stacking(RF+XGB->LR),0.7597402597402597,0.6666666666666666,0.6296296296296297,0.83,0.6476190476190476,0.8253703703703703
pima,L1,1010,LogisticRegression,0.7402597402597403,0.5945945945945946,0.8148148148148148,0.7,0.6875,0.8381481481481481
pima,L1,1010,DecisionTree,0.7272727272727273,0.5857142857142857,0.7592592592592593,0.71,0.6612903225806451,0.724537037037037
pima,L1,1010,RandomForest,0.7272727272727273,0.5882352941176471,0.7407407407407407,0.72,0.6557377049180327,0.8246296296296296
pima,L1,1010,SVM,0.7792207792207793,0.6515151515151515,0.7962962962962963,0.77,0.7166666666666667,0.8355555555555556
pima,L1,1010,XGBoost,0.7727272727272727,0.6301369863013698,0.8518518518518519,0.73,0.7244094488188977,0.8290740740740741
pima,L1,1010,NeuralNetwork,0.7532467532467533,0.6290322580645161,0.7222222222222222,0.77,0.6724137931034483,0.7887037037037037
pima,L1,1010,Voting(RF+XGB),0.7402597402597403,0.5972222222222222,0.7962962962962963,0.71,0.6825396825396826,0.8312962962962963
pima,L1,1010,Stacking(RF+XGB->LR),0.7597402597402597,0.660377358490566,0.6481481481481481,0.82,0.6542056074766355,0.8314814814814815
pima,L1,1011,LogisticRegression,0.7662337662337663,0.6323529411764706,0.7962962962962963,0.75,0.7049180327868853,0.8511111111111112
pima,L1,1011,DecisionTree,0.7077922077922078,0.5584415584415584,0.7962962962962963,0.66,0.6564885496183206,0.7823148148148148
pima,L1,1011,RandomForest,0.8051948051948052,0.6875,0.8148148148148148,0.8,0.7457627118644068,0.8612962962962963
pima,L1,1011,SVM,0.8051948051948052,0.6764705882352942,0.8518518518518519,0.78,0.7540983606557377,0.862037037037037
pima,L1,1011,XGBoost,0.7792207792207793,0.6428571428571429,0.8333333333333334,0.75,0.7258064516129032,0.8496296296296295
pima,L1,1011,NeuralNetwork,0.7857142857142857,0.6567164179104478,0.8148148148148148,0.77,0.7272727272727273,0.85
pima,L1,1011,Voting(RF+XGB),0.7987012987012987,0.6716417910447762,0.8333333333333334,0.78,0.743801652892562,0.8609259259259259
pima,L1,1011,Stacking(RF+XGB->LR),0.7922077922077922,0.6833333333333333,0.7592592592592593,0.81,0.7192982456140351,0.862037037037037
pima,L1,1012,LogisticRegression,0.7727272727272727,0.6301369863013698,0.8518518518518519,0.73,0.7244094488188977,0.8770370370370371
pima,L1,1012,DecisionTree,0.7792207792207793,0.6428571428571429,0.8333333333333334,0.75,0.7258064516129032,0.8329629629629629
pima,L1,1012,RandomForest,0.7987012987012987,0.676923076923077,0.8148148148148148,0.79,0.7394957983193278,0.8707407407407407
pima,L1,1012,SVM,0.7597402597402597,0.6440677966101694,0.7037037037037037,0.79,0.672566371681416,0.8718518518518519
pima,L1,1012,XGBoost,0.7922077922077922,0.6774193548387096,0.7777777777777778,0.8,0.7241379310344828,0.8716666666666667
pima,L1,1012,NeuralNetwork,0.8051948051948052,0.7068965517241379,0.7592592592592593,0.83,0.7321428571428571,0.8416666666666666
pima,L1,1012,Voting(RF+XGB),0.7857142857142857,0.6666666666666666,0.7777777777777778,0.79,0.717948717948718,0.8731481481481482
pima,L1,1012,Stacking(RF+XGB->LR),0.7922077922077922,0.72,0.6666666666666666,0.86,0.6923076923076923,0.8733333333333333
pima,L1,1013,LogisticRegression,0.7402597402597403,0.625,0.6481481481481481,0.79,0.6363636363636364,0.8311111111111111
pima,L1,1013,DecisionTree,0.6948051948051948,0.5466666666666666,0.7592592592592593,0.66,0.6356589147286822,0.7729629629629631
pima,L1,1013,RandomForest,0.7727272727272727,0.6727272727272727,0.6851851851851852,0.82,0.6788990825688074,0.8522222222222222
pima,L1,1013,SVM,0.7532467532467533,0.6379310344827587,0.6851851851851852,0.79,0.6607142857142857,0.8327777777777777
pima,L1,1013,XGBoost,0.7532467532467533,0.6212121212121212,0.7592592592592593,0.75,0.6833333333333333,0.8357407407407407
pima,L1,1013,NeuralNetwork,0.7337662337662337,0.6101694915254238,0.6666666666666666,0.77,0.6371681415929203,0.8094444444444444
pima,L1,1013,Voting(RF+XGB),0.7597402597402597,0.6349206349206349,0.7407407407407407,0.77,0.6837606837606838,0.8487037037037037
pima,L1,1013,Stacking(RF+XGB->LR),0.7922077922077922,0.7391304347826086,0.6296296296296297,0.88,0.68,0.8516666666666666
pima,L1,1014,LogisticRegression,0.7467532467532467,0.6415094339622641,0.6296296296296297,0.81,0.6355140186915887,0.8324074074074075
pima,L1,1014,DecisionTree,0.6948051948051948,0.5522388059701493,0.6851851851851852,0.7,0.6115702479338843,0.7856481481481481
pima,L1,1014,RandomForest,0.7792207792207793,0.6724137931034483,0.7222222222222222,0.81,0.6964285714285714,0.8487037037037037
pima,L1,1014,SVM,0.7597402597402597,0.6307692307692307,0.7592592592592593,0.76,0.6890756302521008,0.8290740740740741
pima,L1,1014,XGBoost,0.7532467532467533,0.6290322580645161,0.7222222222222222,0.77,0.6724137931034483,0.8266666666666665
pima,L1,1014,NeuralNetwork,0.7467532467532467,0.6086956521739131,0.7777777777777778,0.73,0.6829268292682927,0.805
pima,L1,1014,Voting(RF+XGB),0.7662337662337663,0.6551724137931034,0.7037037037037037,0.8,0.6785714285714286,0.8409259259259259
pima,L1,1014,Stacking(RF+XGB->LR),0.7597402597402597,0.673469387755102,0.6111111111111112,0.84,0.6407766990291263,0.8427777777777778
pima,L1,1015,LogisticRegression,0.8181818181818182,0.7166666666666667,0.7962962962962963,0.83,0.7543859649122807,0.8772222222222222
pima,L1,1015,DecisionTree,0.7142857142857143,0.5641025641025641,0.8148148148148148,0.66,0.6666666666666666,0.7696296296296297
pima,L1,1015,RandomForest,0.7597402597402597,0.6268656716417911,0.7777777777777778,0.75,0.6942148760330579,0.8601851851851853
pima,L1,1015,SVM,0.7272727272727273,0.581081081081081,0.7962962962962963,0.69,0.671875,0.8340740740740741
pima,L1,1015,XGBoost,0.7597402597402597,0.6268656716417911,0.7777777777777778,0.75,0.6942148760330579,0.8501851851851852
pima,L1,1015,NeuralNetwork,0.7467532467532467,0.6086956521739131,0.7777777777777778,0.73,0.6829268292682927,0.8281481481481482
pima,L1,1015,Voting(RF+XGB),0.7597402597402597,0.6231884057971014,0.7962962962962963,0.74,0.6991869918699187,0.86
pima,L1,1015,Stacking(RF+XGB->LR),0.7662337662337663,0.6607142857142857,0.6851851851851852,0.81,0.6727272727272727,0.8598148148148148
pima,L1,1016,LogisticRegression,0.7272727272727273,0.5967741935483871,0.6851851851851852,0.75,0.6379310344827587,0.8238888888888889
pima,L1,1016,DecisionTree,0.7467532467532467,0.6056338028169014,0.7962962962962963,0.72,0.688,0.8227777777777778
pima,L1,1016,RandomForest,0.7727272727272727,0.6557377049180327,0.7407407407407407,0.79,0.6956521739130435,0.8246296296296296
pima,L1,1016,SVM,0.7922077922077922,0.6833333333333333,0.7592592592592593,0.81,0.7192982456140351,0.8399074074074073
pima,L1,1016,XGBoost,0.7402597402597403,0.6060606060606061,0.7407407407407407,0.74,0.6666666666666666,0.8038888888888889
pima,L1,1016,NeuralNetwork,0.7337662337662337,0.6274509803921569,0.5925925925925926,0.81,0.6095238095238096,0.7714814814814815
pima,L1,1016,Voting(RF+XGB),0.7532467532467533,0.6212121212121212,0.7592592592592593,0.75,0.6833333333333333,0.8166666666666668
pima,L1,1016,Stacking(RF+XGB->LR),0.7727272727272727,0.6938775510204082,0.6296296296296297,0.85,0.6601941747572816,0.8194444444444444
pima,L1,1017,LogisticRegression,0.7142857142857143,0.5961538461538461,0.5740740740740741,0.79,0.5849056603773585,0.8090740740740742
pima,L1,1017,DecisionTree,0.7597402597402597,0.6268656716417911,0.7777777777777778,0.75,0.6942148760330579,0.8234259259259259
pima,L1,1017,RandomForest,0.7597402597402597,0.6545454545454545,0.6666666666666666,0.81,0.6605504587155964,0.8425925925925926
pima,L1,1017,SVM,0.7662337662337663,0.6607142857142857,0.6851851851851852,0.81,0.6727272727272727,0.8283333333333334
pima,L1,1017,XGBoost,0.8051948051948052,0.7222222222222222,0.7222222222222222,0.85,0.7222222222222222,0.8385185185185186
pima,L1,1017,NeuralNetwork,0.7337662337662337,0.6226415094339622,0.6111111111111112,0.8,0.616822429906542,0.8094444444444444
pima,L1,1017,Voting(RF+XGB),0.7792207792207793,0.6851851851851852,0.6851851851851852,0.83,0.6851851851851852,0.8414814814814815
pima,L1,1017,Stacking(RF+XGB->LR),0.7402597402597403,0.6944444444444444,0.46296296296296297,0.89,0.5555555555555556,0.8438888888888888
pima,L1,1018,LogisticRegression,0.7272727272727273,0.603448275862069,0.6481481481481481,0.77,0.625,0.7937037037037037
pima,L1,1018,DecisionTree,0.7272727272727273,0.5967741935483871,0.6851851851851852,0.75,0.6379310344827587,0.763425925925926
pima,L1,1018,RandomForest,0.7402597402597403,0.6060606060606061,0.7407407407407407,0.74,0.6666666666666666,0.83
pima,L1,1018,SVM,0.7402597402597403,0.6129032258064516,0.7037037037037037,0.76,0.6551724137931034,0.8224074074074074
pima,L1,1018,XGBoost,0.7597402597402597,0.6307692307692307,0.7592592592592593,0.76,0.6890756302521008,0.8162962962962963
pima,L1,1018,NeuralNetwork,0.7337662337662337,0.6101694915254238,0.6666666666666666,0.77,0.6371681415929203,0.7825925925925926
pima,L1,1018,Voting(RF+XGB),0.7727272727272727,0.6507936507936508,0.7592592592592593,0.78,0.7008547008547008,0.8255555555555556
pima,L1,1018,Stacking(RF+XGB->LR),0.8051948051948052,0.75,0.6666666666666666,0.88,0.7058823529411765,0.8292592592592593
pima,L1,1019,LogisticRegression,0.7857142857142857,0.6981132075471698,0.6851851851851852,0.84,0.6915887850467289,0.855
pima,L1,1019,DecisionTree,0.7857142857142857,0.6615384615384615,0.7962962962962963,0.78,0.7226890756302521,0.8536111111111111
pima,L1,1019,RandomForest,0.8116883116883117,0.711864406779661,0.7777777777777778,0.83,0.7433628318584071,0.8611111111111112
pima,L1,1019,SVM,0.7727272727272727,0.6507936507936508,0.7592592592592593,0.78,0.7008547008547008,0.835925925925926
pima,L1,1019,XGBoost,0.8441558441558441,0.75,0.8333333333333334,0.85,0.7894736842105263,0.8737037037037036
pima,L1,1019,NeuralNetwork,0.7857142857142857,0.6721311475409836,0.7592592592592593,0.8,0.7130434782608696,0.8242592592592592
pima,L1,1019,Voting(RF+XGB),0.8441558441558441,0.7586206896551724,0.8148148148148148,0.86,0.7857142857142857,0.8701851851851852
pima,L1,1019,Stacking(RF+XGB->LR),0.8246753246753247,0.7647058823529411,0.7222222222222222,0.88,0.7428571428571429,0.8674074074074074
pima,L1,1020,LogisticRegression,0.7142857142857143,0.578125,0.6851851851851852,0.73,0.6271186440677966,0.8281481481481482
pima,L1,1020,DecisionTree,0.7077922077922078,0.5714285714285714,0.6666666666666666,0.73,0.6153846153846154,0.785
pima,L1,1020,RandomForest,0.7727272727272727,0.6727272727272727,0.6851851851851852,0.82,0.6788990825688074,0.8362962962962962
pima,L1,1020,SVM,0.7597402597402597,0.6440677966101694,0.7037037037037037,0.79,0.672566371681416,0.8361111111111111
pima,L1,1020,XGBoost,0.7532467532467533,0.6428571428571429,0.6666666666666666,0.8,0.6545454545454545,0.8325925925925926
pima,L1,1020,NeuralNetwork,0.7402597402597403,0.64,0.5925925925925926,0.82,0.6153846153846154,0.789074074074074
pima,L1,1020,Voting(RF+XGB),0.7727272727272727,0.6666666666666666,0.7037037037037037,0.81,0.6846846846846847,0.8362962962962963
pima,L1,1020,Stacking(RF+XGB->LR),0.7402597402597403,0.6590909090909091,0.5370370370370371,0.85,0.5918367346938775,0.8390740740740741
pima,L1,1021,LogisticRegression,0.7662337662337663,0.65,0.7222222222222222,0.79,0.6842105263157895,0.7912962962962963
pima,L1,1021,DecisionTree,0.6623376623376623,0.5147058823529411,0.6481481481481481,0.67,0.5737704918032787,0.7245370370370371
pima,L1,1021,RandomForest,0.6948051948051948,0.5636363636363636,0.5740740740740741,0.76,0.5688073394495413,0.7564814814814815
pima,L1,1021,SVM,0.7337662337662337,0.6101694915254238,0.6666666666666666,0.77,0.6371681415929203,0.7898148148148149
pima,L1,1021,XGBoost,0.6753246753246753,0.5333333333333333,0.5925925925925926,0.72,0.5614035087719298,0.7603703703703704
pima,L1,1021,NeuralNetwork,0.6883116883116883,0.546875,0.6481481481481481,0.71,0.5932203389830508,0.73
pima,L1,1021,Voting(RF+XGB),0.6948051948051948,0.5555555555555556,0.6481481481481481,0.72,0.5982905982905983,0.7611111111111111
pima,L1,1021,Stacking(RF+XGB->LR),0.7077922077922078,0.6046511627906976,0.48148148148148145,0.83,0.5360824742268041,0.7605555555555557
pima,L1,1022,LogisticRegression,0.7727272727272727,0.6461538461538462,0.7777777777777778,0.77,0.7058823529411765,0.8729629629629629
pima,L1,1022,DecisionTree,0.6623376623376623,0.5116279069767442,0.8148148148148148,0.58,0.6285714285714286,0.7843518518518519
pima,L1,1022,RandomForest,0.7727272727272727,0.6417910447761194,0.7962962962962963,0.76,0.7107438016528925,0.8585185185185186
pima,L1,1022,SVM,0.7662337662337663,0.640625,0.7592592592592593,0.77,0.6949152542372882,0.8568518518518519
pima,L1,1022,XGBoost,0.7467532467532467,0.6,0.8333333333333334,0.7,0.6976744186046512,0.8640740740740741
pima,L1,1022,NeuralNetwork,0.7727272727272727,0.6461538461538462,0.7777777777777778,0.77,0.7058823529411765,0.8446296296296296
pima,L1,1022,Voting(RF+XGB),0.7662337662337663,0.6285714285714286,0.8148148148148148,0.74,0.7096774193548387,0.8625925925925926
pima,L1,1022,Stacking(RF+XGB->LR),0.8051948051948052,0.7142857142857143,0.7407407407407407,0.84,0.7272727272727273,0.8625925925925926
pima,L1,1023,LogisticRegression,0.7272727272727273,0.5909090909090909,0.7222222222222222,0.73,0.65,0.7975925925925926
pima,L1,1023,DecisionTree,0.7402597402597403,0.6166666666666667,0.6851851851851852,0.77,0.6491228070175439,0.8011111111111111
pima,L1,1023,RandomForest,0.7857142857142857,0.6842105263157895,0.7222222222222222,0.82,0.7027027027027027,0.8335185185185185
pima,L1,1023,SVM,0.7532467532467533,0.6212121212121212,0.7592592592592593,0.75,0.6833333333333333,0.8281481481481482
pima,L1,1023,XGBoost,0.7272727272727273,0.5909090909090909,0.7222222222222222,0.73,0.65,0.8083333333333333
pima,L1,1023,NeuralNetwork,0.7792207792207793,0.6785714285714286,0.7037037037037037,0.82,0.6909090909090909,0.8207407407407408
pima,L1,1023,Voting(RF+XGB),0.7337662337662337,0.6,0.7222222222222222,0.74,0.6554621848739496,0.822037037037037
pima,L1,1023,Stacking(RF+XGB->LR),0.7662337662337663,0.68,0.6296296296296297,0.84,0.6538461538461539,0.8237037037037036
pima,L1,1024,LogisticRegression,0.7272727272727273,0.5909090909090909,0.7222222222222222,0.73,0.65,0.8248148148148148
pima,L1,1024,DecisionTree,0.7012987012987013,0.5606060606060606,0.6851851851851852,0.71,0.6166666666666667,0.7481481481481482
pima,L1,1024,RandomForest,0.7272727272727273,0.6,0.6666666666666666,0.76,0.631578947368421,0.7892592592592592
pima,L1,1024,SVM,0.7077922077922078,0.5652173913043478,0.7222222222222222,0.7,0.6341463414634146,0.7787037037037037
pima,L1,1024,XGBoost,0.7142857142857143,0.5892857142857143,0.6111111111111112,0.77,0.6,0.7890740740740741
pima,L1,1024,NeuralNetwork,0.6948051948051948,0.5522388059701493,0.6851851851851852,0.7,0.6115702479338843,0.7674074074074073
pima,L1,1024,Voting(RF+XGB),0.7207792207792207,0.5964912280701754,0.6296296296296297,0.77,0.6126126126126126,0.7968518518518519
pima,L1,1024,Stacking(RF+XGB->LR),0.7077922077922078,0.6097560975609756,0.46296296296296297,0.84,0.5263157894736842,0.7955555555555556
pima,L1,1025,LogisticRegression,0.7532467532467533,0.6111111111111112,0.8148148148148148,0.72,0.6984126984126984,0.8490740740740741
pima,L1,1025,DecisionTree,0.7142857142857143,0.5657894736842105,0.7962962962962963,0.67,0.6615384615384615,0.8029629629629629
pima,L1,1025,RandomForest,0.7857142857142857,0.6615384615384615,0.7962962962962963,0.78,0.7226890756302521,0.8627777777777779
pima,L1,1025,SVM,0.7402597402597403,0.5972222222222222,0.7962962962962963,0.71,0.6825396825396826,0.8416666666666667
pima,L1,1025,XGBoost,0.7857142857142857,0.647887323943662,0.8518518518518519,0.75,0.736,0.8679629629629629
pima,L1,1025,NeuralNetwork,0.7727272727272727,0.6461538461538462,0.7777777777777778,0.77,0.7058823529411765,0.8307407407407408
pima,L1,1025,Voting(RF+XGB),0.7922077922077922,0.6571428571428571,0.8518518518518519,0.76,0.7419354838709677,0.8729629629629629
pima,L1,1025,Stacking(RF+XGB->LR),0.8181818181818182,0.7407407407407407,0.7407407407407407,0.86,0.7407407407407407,0.8724074074074074
pima,L1,1026,LogisticRegression,0.7987012987012987,0.6885245901639344,0.7777777777777778,0.81,0.7304347826086957,0.8612962962962963
pima,L1,1026,DecisionTree,0.7532467532467533,0.6176470588235294,0.7777777777777778,0.74,0.6885245901639344,0.7808333333333333
pima,L1,1026,RandomForest,0.7727272727272727,0.6557377049180327,0.7407407407407407,0.79,0.6956521739130435,0.8355555555555556
pima,L1,1026,SVM,0.7467532467532467,0.6271186440677966,0.6851851851851852,0.78,0.6548672566371682,0.8022222222222222
pima,L1,1026,XGBoost,0.7792207792207793,0.6785714285714286,0.7037037037037037,0.82,0.6909090909090909,0.8368518518518518
pima,L1,1026,NeuralNetwork,0.7662337662337663,0.6730769230769231,0.6481481481481481,0.83,0.660377358490566,0.7857407407407407
pima,L1,1026,Voting(RF+XGB),0.7727272727272727,0.6610169491525424,0.7222222222222222,0.8,0.6902654867256637,0.8361111111111111
pima,L1,1026,Stacking(RF+XGB->LR),0.7857142857142857,0.7441860465116279,0.5925925925925926,0.89,0.6597938144329897,0.8351851851851853
pima,L1,1027,LogisticRegression,0.7272727272727273,0.6,0.6666666666666666,0.76,0.631578947368421,0.7905555555555556
pima,L1,1027,DecisionTree,0.6558441558441559,0.5063291139240507,0.7407407407407407,0.61,0.6015037593984962,0.7308333333333332
pima,L1,1027,RandomForest,0.7077922077922078,0.5737704918032787,0.6481481481481481,0.74,0.6086956521739131,0.7737037037037037
pima,L1,1027,SVM,0.7337662337662337,0.5970149253731343,0.7407407407407407,0.73,0.6611570247933884,0.7709259259259259
pima,L1,1027,XGBoost,0.7337662337662337,0.6,0.7222222222222222,0.74,0.6554621848739496,0.7757407407407407
pima,L1,1027,NeuralNetwork,0.7142857142857143,0.5892857142857143,0.6111111111111112,0.77,0.6,0.762962962962963
pima,L1,1027,Voting(RF+XGB),0.7142857142857143,0.5806451612903226,0.6666666666666666,0.74,0.6206896551724138,0.7798148148148147
pima,L1,1027,Stacking(RF+XGB->LR),0.7402597402597403,0.6296296296296297,0.6296296296296297,0.8,0.6296296296296297,0.7788888888888889
pima,L1,1028,LogisticRegression,0.7532467532467533,0.625,0.7407407407407407,0.76,0.6779661016949152,0.835
pima,L1,1028,DecisionTree,0.7142857142857143,0.5581395348837209,0.8888888888888888,0.62,0.6857142857142857,0.8313888888888888
pima,L1,1028,RandomForest,0.7662337662337663,0.6285714285714286,0.8148148148148148,0.74,0.7096774193548387,0.8540740740740741
pima,L1,1028,SVM,0.7402597402597403,0.5972222222222222,0.7962962962962963,0.71,0.6825396825396826,0.8407407407407408
pima,L1,1028,XGBoost,0.7532467532467533,0.6176470588235294,0.7777777777777778,0.74,0.6885245901639344,0.8581481481481481
pima,L1,1028,NeuralNetwork,0.7662337662337663,0.6363636363636364,0.7777777777777778,0.76,0.7,0.8105555555555556
pima,L1,1028,Voting(RF+XGB),0.7792207792207793,0.6515151515151515,0.7962962962962963,0.77,0.7166666666666667,0.8609259259259259
pima,L1,1028,Stacking(RF+XGB->LR),0.7922077922077922,0.7115384615384616,0.6851851851851852,0.85,0.6981132075471698,0.8598148148148148
pima,L1,1029,LogisticRegression,0.7532467532467533,0.6428571428571429,0.6666666666666666,0.8,0.6545454545454545,0.8501851851851852
pima,L1,1029,DecisionTree,0.6818181818181818,0.5316455696202531,0.7777777777777778,0.63,0.631578947368421,0.7835185185185185
pima,L1,1029,RandomForest,0.7727272727272727,0.6666666666666666,0.7037037037037037,0.81,0.6846846846846847,0.8444444444444444
pima,L1,1029,SVM,0.7857142857142857,0.6567164179104478,0.8148148148148148,0.77,0.7272727272727273,0.8605555555555555
pima,L1,1029,XGBoost,0.7727272727272727,0.6507936507936508,0.7592592592592593,0.78,0.7008547008547008,0.8462962962962962
pima,L1,1029,NeuralNetwork,0.7857142857142857,0.6615384615384615,0.7962962962962963,0.78,0.7226890756302521,0.8479629629629629
pima,L1,1029,Voting(RF+XGB),0.7662337662337663,0.640625,0.7592592592592593,0.77,0.6949152542372882,0.8477777777777777
pima,L1,1029,Stacking(RF+XGB->LR),0.7662337662337663,0.6730769230769231,0.6481481481481481,0.83,0.660377358490566,0.8474074074074074
pima,L1,1030,LogisticRegression,0.7662337662337663,0.65,0.7222222222222222,0.79,0.6842105263157895,0.8266666666666667
pima,L1,1030,DecisionTree,0.6493506493506493,0.5,0.5,0.73,0.5,0.7170370370370369
pima,L1,1030,RandomForest,0.7077922077922078,0.5849056603773585,0.5740740740740741,0.78,0.5794392523364486,0.7875925925925926
pima,L1,1030,SVM,0.7012987012987013,0.5666666666666667,0.6296296296296297,0.74,0.5964912280701754,0.7846296296296296
pima,L1,1030,XGBoost,0.6753246753246753,0.5357142857142857,0.5555555555555556,0.74,0.5454545454545454,0.7757407407407407
pima,L1,1030,NeuralNetwork,0.7077922077922078,0.5789473684210527,0.6111111111111112,0.76,0.5945945945945946,0.7688888888888888
pima,L1,1030,Voting(RF+XGB),0.6818181818181818,0.543859649122807,0.5740740740740741,0.74,0.5585585585585585,0.7827777777777778
pima,L1,1030,Stacking(RF+XGB->LR),0.6948051948051948,0.5813953488372093,0.46296296296296297,0.82,0.5154639175257731,0.782037037037037
pima,L1,1031,LogisticRegression,0.7857142857142857,0.6721311475409836,0.7592592592592593,0.8,0.7130434782608696,0.8627777777777779
pima,L1,1031,DecisionTree,0.7207792207792207,0.5774647887323944,0.7592592592592593,0.7,0.656,0.8087037037037037
pima,L1,1031,RandomForest,0.7922077922077922,0.6571428571428571,0.8518518518518519,0.76,0.7419354838709677,0.8431481481481482
pima,L1,1031,SVM,0.7727272727272727,0.6376811594202898,0.8148148148148148,0.75,0.7154471544715447,0.8540740740740741
pima,L1,1031,XGBoost,0.7337662337662337,0.5970149253731343,0.7407407407407407,0.73,0.6611570247933884,0.8187037037037037
pima,L1,1031,NeuralNetwork,0.7662337662337663,0.6363636363636364,0.7777777777777778,0.76,0.7,0.8196296296296297
pima,L1,1031,Voting(RF+XGB),0.7727272727272727,0.6376811594202898,0.8148148148148148,0.75,0.7154471544715447,0.8305555555555556
pima,L1,1031,Stacking(RF+XGB->LR),0.7532467532467533,0.6428571428571429,0.6666666666666666,0.8,0.6545454545454545,0.8325925925925927
pima,L1,1032,LogisticRegression,0.7337662337662337,0.6140350877192983,0.6481481481481481,0.78,0.6306306306306306,0.8087037037037037
pima,L1,1032,DecisionTree,0.7077922077922078,0.5584415584415584,0.7962962962962963,0.66,0.6564885496183206,0.788611111111111
pima,L1,1032,RandomForest,0.7402597402597403,0.6129032258064516,0.7037037037037037,0.76,0.6551724137931034,0.8233333333333334
pima,L1,1032,SVM,0.7532467532467533,0.6176470588235294,0.7777777777777778,0.74,0.6885245901639344,0.831111111111111
pima,L1,1032,XGBoost,0.7467532467532467,0.6190476190476191,0.7222222222222222,0.76,0.6666666666666666,0.8096296296296297
pima,L1,1032,NeuralNetwork,0.7337662337662337,0.6031746031746031,0.7037037037037037,0.75,0.6495726495726496,0.7846296296296297
pima,L1,1032,Voting(RF+XGB),0.7467532467532467,0.6190476190476191,0.7222222222222222,0.76,0.6666666666666666,0.8203703703703704
pima,L1,1032,Stacking(RF+XGB->LR),0.7402597402597403,0.6206896551724138,0.6666666666666666,0.78,0.6428571428571429,0.8216666666666667
pima,L1,1033,LogisticRegression,0.7597402597402597,0.6349206349206349,0.7407407407407407,0.77,0.6837606837606838,0.865
pima,L1,1033,DecisionTree,0.6753246753246753,0.524390243902439,0.7962962962962963,0.61,0.6323529411764706,0.7835185185185185
pima,L1,1033,RandomForest,0.7727272727272727,0.6461538461538462,0.7777777777777778,0.77,0.7058823529411765,0.8748148148148147
pima,L1,1033,SVM,0.7532467532467533,0.6333333333333333,0.7037037037037037,0.78,0.6666666666666666,0.8435185185185186
pima,L1,1033,XGBoost,0.7337662337662337,0.6,0.7222222222222222,0.74,0.6554621848739496,0.8596296296296295
pima,L1,1033,NeuralNetwork,0.7402597402597403,0.6166666666666667,0.6851851851851852,0.77,0.6491228070175439,0.8233333333333333
pima,L1,1033,Voting(RF+XGB),0.7467532467532467,0.6153846153846154,0.7407407407407407,0.75,0.6722689075630253,0.8696296296296296
pima,L1,1033,Stacking(RF+XGB->LR),0.7467532467532467,0.631578947368421,0.6666666666666666,0.79,0.6486486486486487,0.8707407407407408
pima,L1,1034,LogisticRegression,0.7532467532467533,0.6333333333333333,0.7037037037037037,0.78,0.6666666666666666,0.815
pima,L1,1034,DecisionTree,0.6818181818181818,0.5333333333333333,0.7407407407407407,0.65,0.6201550387596899,0.768888888888889
pima,L1,1034,RandomForest,0.7662337662337663,0.6451612903225806,0.7407407407407407,0.78,0.6896551724137931,0.817037037037037
pima,L1,1034,SVM,0.7792207792207793,0.6612903225806451,0.7592592592592593,0.79,0.7068965517241379,0.8333333333333334
pima,L1,1034,XGBoost,0.7532467532467533,0.6333333333333333,0.7037037037037037,0.78,0.6666666666666666,0.8142592592592592
pima,L1,1034,NeuralNetwork,0.7467532467532467,0.6470588235294118,0.6111111111111112,0.82,0.6285714285714286,0.7957407407407407
pima,L1,1034,Voting(RF+XGB),0.7532467532467533,0.6333333333333333,0.7037037037037037,0.78,0.6666666666666666,0.8244444444444444
pima,L1,1034,Stacking(RF+XGB->LR),0.7532467532467533,0.6538461538461539,0.6296296296296297,0.82,0.6415094339622641,0.8246296296296296
pima,L1,1035,LogisticRegression,0.7857142857142857,0.6666666666666666,0.7777777777777778,0.79,0.717948717948718,0.8635185185185185
pima,L1,1035,DecisionTree,0.6883116883116883,0.5340909090909091,0.8703703703703703,0.59,0.6619718309859155,0.8114814814814815
pima,L1,1035,RandomForest,0.7857142857142857,0.6567164179104478,0.8148148148148148,0.77,0.7272727272727273,0.8459259259259259
pima,L1,1035,SVM,0.7922077922077922,0.6666666666666666,0.8148148148148148,0.78,0.7333333333333333,0.8359259259259259
pima,L1,1035,XGBoost,0.7987012987012987,0.676923076923077,0.8148148148148148,0.79,0.7394957983193278,0.8477777777777776
pima,L1,1035,NeuralNetwork,0.7467532467532467,0.6119402985074627,0.7592592592592593,0.74,0.6776859504132231,0.8077777777777777
pima,L1,1035,Voting(RF+XGB),0.7987012987012987,0.6716417910447762,0.8333333333333334,0.78,0.743801652892562,0.8512962962962963
pima,L1,1035,Stacking(RF+XGB->LR),0.7792207792207793,0.6724137931034483,0.7222222222222222,0.81,0.6964285714285714,0.852037037037037
pima,L1,1036,LogisticRegression,0.7337662337662337,0.5866666666666667,0.8148148148148148,0.69,0.6821705426356589,0.8274074074074074
pima,L1,1036,DecisionTree,0.6428571428571429,0.4945054945054945,0.8333333333333334,0.54,0.6206896551724138,0.7664814814814815
pima,L1,1036,RandomForest,0.7337662337662337,0.589041095890411,0.7962962962962963,0.7,0.6771653543307087,0.8224074074074074
pima,L1,1036,SVM,0.7142857142857143,0.5694444444444444,0.7592592592592593,0.69,0.6507936507936508,0.7861111111111112
pima,L1,1036,XGBoost,0.7532467532467533,0.6052631578947368,0.8518518518518519,0.7,0.7076923076923077,0.8333333333333333
pima,L1,1036,NeuralNetwork,0.7012987012987013,0.5588235294117647,0.7037037037037037,0.7,0.6229508196721312,0.7535185185185186
pima,L1,1036,Voting(RF+XGB),0.7597402597402597,0.6133333333333333,0.8518518518518519,0.71,0.7131782945736435,0.8335185185185185
pima,L1,1036,Stacking(RF+XGB->LR),0.7532467532467533,0.625,0.7407407407407407,0.76,0.6779661016949152,0.8337037037037037
pima,L1,1037,LogisticRegression,0.7012987012987013,0.5769230769230769,0.5555555555555556,0.78,0.5660377358490566,0.767037037037037
pima,L1,1037,DecisionTree,0.7142857142857143,0.5757575757575758,0.7037037037037037,0.72,0.6333333333333333,0.7562962962962962
pima,L1,1037,RandomForest,0.7337662337662337,0.6140350877192983,0.6481481481481481,0.78,0.6306306306306306,0.7822222222222223
pima,L1,1037,SVM,0.6818181818181818,0.5423728813559322,0.5925925925925926,0.73,0.5663716814159292,0.7674074074074074
pima,L1,1037,XGBoost,0.7272727272727273,0.6071428571428571,0.6296296296296297,0.78,0.6181818181818182,0.8005555555555556
pima,L1,1037,NeuralNetwork,0.6558441558441559,0.509090909090909,0.5185185185185185,0.73,0.5137614678899083,0.7098148148148148
pima,L1,1037,Voting(RF+XGB),0.7402597402597403,0.625,0.6481481481481481,0.79,0.6363636363636364,0.7937037037037037
pima,L1,1037,Stacking(RF+XGB->LR),0.7402597402597403,0.6458333333333334,0.5740740740740741,0.83,0.6078431372549019,0.7905555555555555
pima,L1,1038,LogisticRegression,0.7662337662337663,0.6607142857142857,0.6851851851851852,0.81,0.6727272727272727,0.8364814814814815
pima,L1,1038,DecisionTree,0.7142857142857143,0.6086956521739131,0.5185185185185185,0.82,0.56,0.7647222222222222
pima,L1,1038,RandomForest,0.7597402597402597,0.6491228070175439,0.6851851851851852,0.8,0.6666666666666666,0.8311111111111112
pima,L1,1038,SVM,0.7597402597402597,0.6307692307692307,0.7592592592592593,0.76,0.6890756302521008,0.827037037037037
pima,L1,1038,XGBoost,0.7792207792207793,0.65625,0.7777777777777778,0.78,0.711864406779661,0.8316666666666667
pima,L1,1038,NeuralNetwork,0.7467532467532467,0.6153846153846154,0.7407407407407407,0.75,0.6722689075630253,0.8135185185185185
pima,L1,1038,Voting(RF+XGB),0.7662337662337663,0.6451612903225806,0.7407407407407407,0.78,0.6896551724137931,0.835
pima,L1,1038,Stacking(RF+XGB->LR),0.7662337662337663,0.68,0.6296296296296297,0.84,0.6538461538461539,0.8357407407407408
pima,L1,1039,LogisticRegression,0.7727272727272727,0.6417910447761194,0.7962962962962963,0.76,0.7107438016528925,0.8716666666666667
pima,L1,1039,DecisionTree,0.7337662337662337,0.5844155844155844,0.8333333333333334,0.68,0.6870229007633588,0.7986111111111112
pima,L1,1039,RandomForest,0.7662337662337663,0.640625,0.7592592592592593,0.77,0.6949152542372882,0.8611111111111112
pima,L1,1039,SVM,0.7402597402597403,0.6,0.7777777777777778,0.72,0.6774193548387096,0.8355555555555556
pima,L1,1039,XGBoost,0.7467532467532467,0.6153846153846154,0.7407407407407407,0.75,0.6722689075630253,0.8324074074074075
pima,L1,1039,NeuralNetwork,0.7662337662337663,0.6323529411764706,0.7962962962962963,0.75,0.7049180327868853,0.8357407407407408
pima,L1,1039,Voting(RF+XGB),0.7467532467532467,0.6190476190476191,0.7222222222222222,0.76,0.6666666666666666,0.8512962962962962
pima,L1,1039,Stacking(RF+XGB->LR),0.7792207792207793,0.6923076923076923,0.6666666666666666,0.84,0.6792452830188679,0.8542592592592593
pima,L1,1040,LogisticRegression,0.7662337662337663,0.65,0.7222222222222222,0.79,0.6842105263157895,0.8485185185185184
pima,L1,1040,DecisionTree,0.7857142857142857,0.6779661016949152,0.7407407407407407,0.81,0.7079646017699115,0.8456481481481481
pima,L1,1040,RandomForest,0.7857142857142857,0.6981132075471698,0.6851851851851852,0.84,0.6915887850467289,0.8481481481481482
pima,L1,1040,SVM,0.7792207792207793,0.6785714285714286,0.7037037037037037,0.82,0.6909090909090909,0.8575925925925927
pima,L1,1040,XGBoost,0.7597402597402597,0.6440677966101694,0.7037037037037037,0.79,0.672566371681416,0.856111111111111
pima,L1,1040,NeuralNetwork,0.7662337662337663,0.6875,0.6111111111111112,0.85,0.6470588235294118,0.8122222222222222
pima,L1,1040,Voting(RF+XGB),0.7662337662337663,0.6551724137931034,0.7037037037037037,0.8,0.6785714285714286,0.8572222222222222
pima,L1,1040,Stacking(RF+XGB->LR),0.7792207792207793,0.7083333333333334,0.6296296296296297,0.86,0.6666666666666666,0.8531481481481481
pima,L1,1041,LogisticRegression,0.7467532467532467,0.6086956521739131,0.7777777777777778,0.73,0.6829268292682927,0.8529629629629629
pima,L1,1041,DecisionTree,0.6428571428571429,0.4939759036144578,0.7592592592592593,0.58,0.5985401459854015,0.7162037037037037
pima,L1,1041,RandomForest,0.7467532467532467,0.6086956521739131,0.7777777777777778,0.73,0.6829268292682927,0.8448148148148148
pima,L1,1041,SVM,0.6818181818181818,0.5333333333333333,0.7407407407407407,0.65,0.6201550387596899,0.8109259259259259
pima,L1,1041,XGBoost,0.7402597402597403,0.6029411764705882,0.7592592592592593,0.73,0.6721311475409836,0.8425925925925926
pima,L1,1041,NeuralNetwork,0.6753246753246753,0.5285714285714286,0.6851851851851852,0.67,0.5967741935483871,0.8031481481481482
pima,L1,1041,Voting(RF+XGB),0.7402597402597403,0.6,0.7777777777777778,0.72,0.6774193548387096,0.8509259259259259
pima,L1,1041,Stacking(RF+XGB->LR),0.7662337662337663,0.65,0.7222222222222222,0.79,0.6842105263157895,0.8522222222222222
pima,L1,1042,LogisticRegression,0.7857142857142857,0.6721311475409836,0.7592592592592593,0.8,0.7130434782608696,0.8453703703703704
pima,L1,1042,DecisionTree,0.7597402597402597,0.6307692307692307,0.7592592592592593,0.76,0.6890756302521008,0.8103703703703703
pima,L1,1042,RandomForest,0.7792207792207793,0.6785714285714286,0.7037037037037037,0.82,0.6909090909090909,0.8368518518518518
pima,L1,1042,SVM,0.7402597402597403,0.6129032258064516,0.7037037037037037,0.76,0.6551724137931034,0.8182407407407407
pima,L1,1042,XGBoost,0.7532467532467533,0.6333333333333333,0.7037037037037037,0.78,0.6666666666666666,0.8214814814814815
pima,L1,1042,NeuralNetwork,0.7467532467532467,0.6229508196721312,0.7037037037037037,0.77,0.6608695652173913,0.8061111111111111
pima,L1,1042,Voting(RF+XGB),0.7727272727272727,0.6610169491525424,0.7222222222222222,0.8,0.6902654867256637,0.8348148148148148
pima,L1,1042,Stacking(RF+XGB->LR),0.7662337662337663,0.7045454545454546,0.5740740740740741,0.87,0.6326530612244898,0.8355555555555556
pima,L1,1043,LogisticRegression,0.7597402597402597,0.6268656716417911,0.7777777777777778,0.75,0.6942148760330579,0.8603703703703703
pima,L1,1043,DecisionTree,0.7077922077922078,0.5542168674698795,0.8518518518518519,0.63,0.6715328467153284,0.8130555555555556
pima,L1,1043,RandomForest,0.7662337662337663,0.6285714285714286,0.8148148148148148,0.74,0.7096774193548387,0.8477777777777777
pima,L1,1043,SVM,0.7532467532467533,0.6176470588235294,0.7777777777777778,0.74,0.6885245901639344,0.8333333333333334
pima,L1,1043,XGBoost,0.7402597402597403,0.6,0.7777777777777778,0.72,0.6774193548387096,0.8381481481481481
pima,L1,1043,NeuralNetwork,0.7727272727272727,0.6376811594202898,0.8148148148148148,0.75,0.7154471544715447,0.832037037037037
pima,L1,1043,Voting(RF+XGB),0.7532467532467533,0.6111111111111112,0.8148148148148148,0.72,0.6984126984126984,0.8442592592592593
pima,L1,1043,Stacking(RF+XGB->LR),0.7727272727272727,0.6610169491525424,0.7222222222222222,0.8,0.6902654867256637,0.8433333333333333
pima,L1,1044,LogisticRegression,0.7467532467532467,0.6363636363636364,0.6481481481481481,0.8,0.6422018348623854,0.8187037037037037
pima,L1,1044,DecisionTree,0.7337662337662337,0.6181818181818182,0.6296296296296297,0.79,0.6238532110091743,0.7529629629629631
pima,L1,1044,RandomForest,0.7467532467532467,0.6363636363636364,0.6481481481481481,0.8,0.6422018348623854,0.8114814814814815
pima,L1,1044,SVM,0.7597402597402597,0.6307692307692307,0.7592592592592593,0.76,0.6890756302521008,0.7951851851851852
pima,L1,1044,XGBoost,0.7662337662337663,0.65,0.7222222222222222,0.79,0.6842105263157895,0.8224074074074074
pima,L1,1044,NeuralNetwork,0.7662337662337663,0.6551724137931034,0.7037037037037037,0.8,0.6785714285714286,0.807962962962963
pima,L1,1044,Voting(RF+XGB),0.7532467532467533,0.6428571428571429,0.6666666666666666,0.8,0.6545454545454545,0.8164814814814815
pima,L1,1044,Stacking(RF+XGB->LR),0.7337662337662337,0.6326530612244898,0.5740740740740741,0.82,0.6019417475728155,0.8153703703703704
pima,L1,1045,LogisticRegression,0.8051948051948052,0.7,0.7777777777777778,0.82,0.7368421052631579,0.8737037037037038
pima,L1,1045,DecisionTree,0.7207792207792207,0.5753424657534246,0.7777777777777778,0.69,0.6614173228346457,0.815648148148148
pima,L1,1045,RandomForest,0.7987012987012987,0.6949152542372882,0.7592592592592593,0.82,0.7256637168141593,0.8551851851851852
pima,L1,1045,SVM,0.7662337662337663,0.625,0.8333333333333334,0.73,0.7142857142857143,0.870925925925926
pima,L1,1045,XGBoost,0.7792207792207793,0.6612903225806451,0.7592592592592593,0.79,0.7068965517241379,0.8579629629629629
pima,L1,1045,NeuralNetwork,0.7662337662337663,0.640625,0.7592592592592593,0.77,0.6949152542372882,0.8551851851851852
pima,L1,1045,Voting(RF+XGB),0.7922077922077922,0.6774193548387096,0.7777777777777778,0.8,0.7241379310344828,0.8574074074074074
pima,L1,1045,Stacking(RF+XGB->LR),0.7987012987012987,0.7254901960784313,0.6851851851851852,0.86,0.7047619047619048,0.857037037037037
pima,L1,1046,LogisticRegression,0.7467532467532467,0.6190476190476191,0.7222222222222222,0.76,0.6666666666666666,0.8235185185185185
pima,L1,1046,DecisionTree,0.6818181818181818,0.5316455696202531,0.7777777777777778,0.63,0.631578947368421,0.7476851851851853
pima,L1,1046,RandomForest,0.7207792207792207,0.5846153846153846,0.7037037037037037,0.73,0.6386554621848739,0.7846296296296296
pima,L1,1046,SVM,0.6948051948051948,0.5507246376811594,0.7037037037037037,0.69,0.6178861788617886,0.7974074074074073
pima,L1,1046,XGBoost,0.7012987012987013,0.5555555555555556,0.7407407407407407,0.68,0.6349206349206349,0.8072222222222222
pima,L1,1046,NeuralNetwork,0.7272727272727273,0.5967741935483871,0.6851851851851852,0.75,0.6379310344827587,0.8014814814814815
pima,L1,1046,Voting(RF+XGB),0.7012987012987013,0.5588235294117647,0.7037037037037037,0.7,0.6229508196721312,0.8003703703703704
pima,L1,1046,Stacking(RF+XGB->LR),0.7272727272727273,0.6,0.6666666666666666,0.76,0.631578947368421,0.7968518518518518
pima,L1,1047,LogisticRegression,0.7077922077922078,0.5737704918032787,0.6481481481481481,0.74,0.6086956521739131,0.7833333333333334
pima,L1,1047,DecisionTree,0.6623376623376623,0.5111111111111111,0.8518518518518519,0.56,0.6388888888888888,0.765462962962963
pima,L1,1047,RandomForest,0.7077922077922078,0.5692307692307692,0.6851851851851852,0.72,0.6218487394957983,0.7885185185185185
pima,L1,1047,SVM,0.7142857142857143,0.5714285714285714,0.7407407407407407,0.7,0.6451612903225806,0.7842592592592592
pima,L1,1047,XGBoost,0.7337662337662337,0.5970149253731343,0.7407407407407407,0.73,0.6611570247933884,0.782037037037037
pima,L1,1047,NeuralNetwork,0.6753246753246753,0.5303030303030303,0.6481481481481481,0.69,0.5833333333333334,0.7692592592592592
pima,L1,1047,Voting(RF+XGB),0.7272727272727273,0.5909090909090909,0.7222222222222222,0.73,0.65,0.7872222222222223
pima,L1,1047,Stacking(RF+XGB->LR),0.7532467532467533,0.6333333333333333,0.7037037037037037,0.78,0.6666666666666666,0.7905555555555556
pima,L1,1048,LogisticRegression,0.7402597402597403,0.6166666666666667,0.6851851851851852,0.77,0.6491228070175439,0.8224074074074074
pima,L1,1048,DecisionTree,0.7012987012987013,0.5540540540540541,0.7592592592592593,0.67,0.640625,0.7947222222222222
pima,L1,1048,RandomForest,0.7272727272727273,0.5967741935483871,0.6851851851851852,0.75,0.6379310344827587,0.8194444444444444
pima,L1,1048,SVM,0.7402597402597403,0.6029411764705882,0.7592592592592593,0.73,0.6721311475409836,0.8281481481481482
pima,L1,1048,XGBoost,0.7402597402597403,0.6129032258064516,0.7037037037037037,0.76,0.6551724137931034,0.8142592592592592
pima,L1,1048,NeuralNetwork,0.7272727272727273,0.603448275862069,0.6481481481481481,0.77,0.625,0.8075925925925926
pima,L1,1048,Voting(RF+XGB),0.7337662337662337,0.6031746031746031,0.7037037037037037,0.75,0.6495726495726496,0.8201851851851852
pima,L1,1048,Stacking(RF+XGB->LR),0.7337662337662337,0.6382978723404256,0.5555555555555556,0.83,0.594059405940594,0.8201851851851852
pima,L1,1049,LogisticRegression,0.7402597402597403,0.6206896551724138,0.6666666666666666,0.78,0.6428571428571429,0.830925925925926
pima,L1,1049,DecisionTree,0.7597402597402597,0.6349206349206349,0.7407407407407407,0.77,0.6837606837606838,0.812037037037037
pima,L1,1049,RandomForest,0.7402597402597403,0.6060606060606061,0.7407407407407407,0.74,0.6666666666666666,0.820925925925926
pima,L1,1049,SVM,0.7727272727272727,0.6507936507936508,0.7592592592592593,0.78,0.7008547008547008,0.8400000000000001
pima,L1,1049,XGBoost,0.7662337662337663,0.640625,0.7592592592592593,0.77,0.6949152542372882,0.8035185185185185
pima,L1,1049,NeuralNetwork,0.7727272727272727,0.6461538461538462,0.7777777777777778,0.77,0.7058823529411765,0.8379629629629629
pima,L1,1049,Voting(RF+XGB),0.7532467532467533,0.6212121212121212,0.7592592592592593,0.75,0.6833333333333333,0.8155555555555556
pima,L1,1049,Stacking(RF+XGB->LR),0.7662337662337663,0.6607142857142857,0.6851851851851852,0.81,0.6727272727272727,0.817037037037037
