repeat,fold,model,n_train,n_test,accuracy,precision,sensitivity,specificity,f1,roc_auc,params
7,0,LogisticRegression,553,61,0.7377049180327869,0.6086956521739131,0.6666666666666666,0.775,0.6363636363636364,0.8428571428571429,"{""clf__C"": 0.1}"
7,0,DecisionTree,553,61,0.8032786885245902,0.6666666666666666,0.8571428571428571,0.775,0.75,0.7970238095238096,"{""clf__max_depth"": 7, ""clf__min_samples_leaf"": 5}"
7,0,RandomForest,553,61,0.819672131147541,0.7272727272727273,0.7619047619047619,0.85,0.7441860465116279,0.8714285714285714,"{""clf__max_depth"": 10, ""clf__min_samples_leaf"": 3}"
7,0,SVM,553,61,0.7704918032786885,0.6666666666666666,0.6666666666666666,0.825,0.6666666666666666,0.8309523809523809,"{""clf__C"": 1}"
7,0,XGBoost,553,61,0.8032786885245902,0.6956521739130435,0.7619047619047619,0.825,0.7272727272727273,0.8345238095238096,"{""clf__learning_rate"": 0.05, ""clf__max_depth"": 3}"
7,0,NeuralNetwork,553,61,0.8032786885245902,0.7142857142857143,0.7142857142857143,0.85,0.7142857142857143,0.8261904761904761,"{""clf__alpha"": 0.001}"
7,0,Voting(RF+XGB),553,61,0.8032786885245902,0.6956521739130435,0.7619047619047619,0.825,0.7272727272727273,0.8642857142857143,
7,0,Stacking(RF+XGB->LR),553,61,0.8032786885245902,0.6956521739130435,0.7619047619047619,0.825,0.7272727272727273,0.8642857142857143,
7,0,Voting(all),553,61,0.7868852459016393,0.6666666666666666,0.7619047619047619,0.8,0.7111111111111111,0.8535714285714285,
7,0,Stacking(all->LR),553,61,0.8032786885245902,0.7142857142857143,0.7142857142857143,0.85,0.7142857142857143,0.8571428571428571,
7,1,LogisticRegression,553,61,0.6885245901639344,0.5384615384615384,0.6666666666666666,0.7,0.5957446808510638,0.8226190476190476,"{""clf__C"": 0.1}"
7,1,DecisionTree,553,61,0.6721311475409836,0.5151515151515151,0.8095238095238095,0.6,0.6296296296296297,0.7994047619047618,"{""clf__max_depth"": 5, ""clf__min_samples_leaf"": 5}"
7,1,RandomForest,553,61,0.6885245901639344,0.5357142857142857,0.7142857142857143,0.675,0.6122448979591837,0.7964285714285715,"{""clf__max_depth"": 10, ""clf__min_samples_leaf"": 1}"
7,1,SVM,553,61,0.7049180327868853,0.5555555555555556,0.7142857142857143,0.7,0.625,0.7904761904761904,"{""clf__C"": 1}"
7,1,XGBoost,553,61,0.7213114754098361,0.5666666666666667,0.8095238095238095,0.675,0.6666666666666666,0.8261904761904761,"{""clf__learning_rate"": 0.05, ""clf__max_depth"": 3}"
7,1,NeuralNetwork,553,61,0.6557377049180327,0.5,0.7142857142857143,0.625,0.5882352941176471,0.7607142857142857,"{""clf__alpha"": 0.0001}"
7,1,Voting(RF+XGB),553,61,0.7213114754098361,0.5666666666666667,0.8095238095238095,0.675,0.6666666666666666,0.8119047619047619,
7,1,Stacking(RF+XGB->LR),553,61,0.7540983606557377,0.625,0.7142857142857143,0.775,0.6666666666666666,0.8107142857142857,
7,1,Voting(all),553,61,0.7377049180327869,0.5862068965517241,0.8095238095238095,0.7,0.68,0.8047619047619048,
7,1,Stacking(all->LR),553,61,0.7049180327868853,0.56,0.6666666666666666,0.725,0.6086956521739131,0.8142857142857143,
7,2,LogisticRegression,553,61,0.7540983606557377,0.6363636363636364,0.6666666666666666,0.8,0.6511627906976745,0.8238095238095238,"{""clf__C"": 1}"
7,2,DecisionTree,553,61,0.6557377049180327,0.5,0.47619047619047616,0.75,0.4878048780487805,0.6446428571428571,"{""clf__max_depth"": 7, ""clf__min_samples_leaf"": 5}"
7,2,RandomForest,553,61,0.7377049180327869,0.5925925925925926,0.7619047619047619,0.725,0.6666666666666666,0.8130952380952381,"{""clf__max_depth"": 5, ""clf__min_samples_leaf"": 3}"
7,2,SVM,553,61,0.7704918032786885,0.6521739130434783,0.7142857142857143,0.8,0.6818181818181818,0.8130952380952381,"{""clf__C"": 1}"
7,2,XGBoost,553,61,0.7868852459016393,0.6666666666666666,0.7619047619047619,0.8,0.7111111111111111,0.8238095238095238,"{""clf__learning_rate"": 0.05, ""clf__max_depth"": 3}"
7,2,NeuralNetwork,553,61,0.7704918032786885,0.6521739130434783,0.7142857142857143,0.8,0.6818181818181818,0.7964285714285714,"{""clf__alpha"": 0.0001}"
7,2,Voting(RF+XGB),553,61,0.7868852459016393,0.6666666666666666,0.7619047619047619,0.8,0.7111111111111111,0.8238095238095238,
7,2,Stacking(RF+XGB->LR),553,61,0.7704918032786885,0.6842105263157895,0.6190476190476191,0.85,0.65,0.825,
7,2,Voting(all),553,61,0.7868852459016393,0.6666666666666666,0.7619047619047619,0.8,0.7111111111111111,0.8309523809523809,
7,2,Stacking(all->LR),553,61,0.7377049180327869,0.6470588235294118,0.5238095238095238,0.85,0.5789473684210527,0.8273809523809523,
7,3,LogisticRegression,553,61,0.819672131147541,0.7083333333333334,0.8095238095238095,0.825,0.7555555555555555,0.9154761904761904,"{""clf__C"": 0.1}"
7,3,DecisionTree,553,61,0.7377049180327869,0.5862068965517241,0.8095238095238095,0.7,0.68,0.868452380952381,"{""clf__max_depth"": null, ""clf__min_samples_leaf"": 5}"
7,3,RandomForest,553,61,0.7704918032786885,0.6206896551724138,0.8571428571428571,0.725,0.72,0.8988095238095237,"{""clf__max_depth"": 5, ""clf__min_samples_leaf"": 1}"
7,3,SVM,553,61,0.7540983606557377,0.6,0.8571428571428571,0.7,0.7058823529411765,0.8654761904761905,"{""clf__C"": 1}"
7,3,XGBoost,553,61,0.7704918032786885,0.6296296296296297,0.8095238095238095,0.75,0.7083333333333334,0.8845238095238095,"{""clf__learning_rate"": 0.05, ""clf__max_depth"": 3}"
7,3,NeuralNetwork,553,61,0.7540983606557377,0.6153846153846154,0.7619047619047619,0.75,0.6808510638297872,0.8154761904761905,"{""clf__alpha"": 0.001}"
7,3,Voting(RF+XGB),553,61,0.7704918032786885,0.6206896551724138,0.8571428571428571,0.725,0.72,0.8952380952380952,
7,3,Stacking(RF+XGB->LR),553,61,0.8524590163934426,0.7727272727272727,0.8095238095238095,0.875,0.7906976744186046,0.8976190476190476,
7,3,Voting(all),553,61,0.7868852459016393,0.6538461538461539,0.8095238095238095,0.775,0.723404255319149,0.8869047619047619,
7,3,Stacking(all->LR),553,61,0.819672131147541,0.7777777777777778,0.6666666666666666,0.9,0.717948717948718,0.9047619047619048,
7,4,LogisticRegression,552,62,0.7580645161290323,0.6521739130434783,0.6818181818181818,0.8,0.6666666666666666,0.8125,"{""clf__C"": 0.1}"
7,4,DecisionTree,552,62,0.6774193548387096,0.5357142857142857,0.6818181818181818,0.675,0.6,0.7613636363636364,"{""clf__max_depth"": 5, ""clf__min_samples_leaf"": 5}"
7,4,RandomForest,552,62,0.7580645161290323,0.7058823529411765,0.5454545454545454,0.875,0.6153846153846154,0.8375,"{""clf__max_depth"": 10, ""clf__min_samples_leaf"": 3}"
7,4,SVM,552,62,0.8064516129032258,0.7272727272727273,0.7272727272727273,0.85,0.7272727272727273,0.8306818181818183,"{""clf__C"": 1}"
7,4,XGBoost,552,62,0.7096774193548387,0.625,0.45454545454545453,0.85,0.5263157894736842,0.8193181818181818,"{""clf__learning_rate"": 0.1, ""clf__max_depth"": 3}"
7,4,NeuralNetwork,552,62,0.7741935483870968,0.7,0.6363636363636364,0.85,0.6666666666666666,0.8284090909090909,"{""clf__alpha"": 0.0001}"
7,4,Voting(RF+XGB),552,62,0.7258064516129032,0.6470588235294118,0.5,0.85,0.5641025641025641,0.8318181818181818,
7,4,Stacking(RF+XGB->LR),552,62,0.7258064516129032,0.6923076923076923,0.4090909090909091,0.9,0.5142857142857142,0.8329545454545455,
7,4,Voting(all),552,62,0.7580645161290323,0.6842105263157895,0.5909090909090909,0.85,0.6341463414634146,0.8329545454545455,
7,4,Stacking(all->LR),552,62,0.7258064516129032,0.6923076923076923,0.4090909090909091,0.9,0.5142857142857142,0.8318181818181818,
7,5,LogisticRegression,553,61,0.7540983606557377,0.6153846153846154,0.7619047619047619,0.75,0.6808510638297872,0.8404761904761905,"{""clf__C"": 0.1}"
7,5,DecisionTree,553,61,0.7377049180327869,0.5925925925925926,0.7619047619047619,0.725,0.6666666666666666,0.8083333333333333,"{""clf__max_depth"": 5, ""clf__min_samples_leaf"": 5}"
7,5,RandomForest,553,61,0.7704918032786885,0.6206896551724138,0.8571428571428571,0.725,0.72,0.8321428571428571,"{""clf__max_depth"": 5, ""clf__min_samples_leaf"": 1}"
7,5,SVM,553,61,0.7704918032786885,0.64,0.7619047619047619,0.775,0.6956521739130435,0.8226190476190476,"{""clf__C"": 1}"
7,5,XGBoost,553,61,0.7540983606557377,0.6153846153846154,0.7619047619047619,0.75,0.6808510638297872,0.8571428571428571,"{""clf__learning_rate"": 0.05, ""clf__max_depth"": 3}"
7,5,NeuralNetwork,553,61,0.7213114754098361,0.5909090909090909,0.6190476190476191,0.775,0.6046511627906976,0.8154761904761905,"{""clf__alpha"": 0.0001}"
7,5,Voting(RF+XGB),553,61,0.7540983606557377,0.6,0.8571428571428571,0.7,0.7058823529411765,0.8488095238095238,
7,5,Stacking(RF+XGB->LR),553,61,0.7377049180327869,0.6086956521739131,0.6666666666666666,0.775,0.6363636363636364,0.844047619047619,
7,5,Voting(all),553,61,0.7540983606557377,0.6071428571428571,0.8095238095238095,0.725,0.6938775510204082,0.8476190476190476,
7,5,Stacking(all->LR),553,61,0.7540983606557377,0.65,0.6190476190476191,0.825,0.6341463414634146,0.8488095238095238,
7,6,LogisticRegression,552,62,0.8387096774193549,0.7727272727272727,0.7727272727272727,0.875,0.7727272727272727,0.9181818181818181,"{""clf__C"": 0.1}"
7,6,DecisionTree,552,62,0.7741935483870968,0.6538461538461539,0.7727272727272727,0.775,0.7083333333333334,0.8255681818181819,"{""clf__max_depth"": 7, ""clf__min_samples_leaf"": 5}"
7,6,RandomForest,552,62,0.8064516129032258,0.7083333333333334,0.7727272727272727,0.825,0.7391304347826086,0.8988636363636364,"{""clf__max_depth"": 10, ""clf__min_samples_leaf"": 3}"
7,6,SVM,552,62,0.8225806451612904,0.7391304347826086,0.7727272727272727,0.85,0.7555555555555555,0.9113636363636364,"{""clf__C"": 1}"
7,6,XGBoost,552,62,0.7903225806451613,0.68,0.7727272727272727,0.8,0.723404255319149,0.896590909090909,"{""clf__learning_rate"": 0.05, ""clf__max_depth"": 3}"
7,6,NeuralNetwork,552,62,0.7741935483870968,0.6538461538461539,0.7727272727272727,0.775,0.7083333333333334,0.8795454545454546,"{""clf__alpha"": 0.0001}"
7,6,Voting(RF+XGB),552,62,0.7903225806451613,0.68,0.7727272727272727,0.8,0.723404255319149,0.8977272727272727,
7,6,Stacking(RF+XGB->LR),552,62,0.8387096774193549,0.8,0.7272727272727273,0.9,0.7619047619047619,0.8988636363636364,
7,6,Voting(all),552,62,0.8225806451612904,0.72,0.8181818181818182,0.825,0.7659574468085106,0.9056818181818183,
7,6,Stacking(all->LR),552,62,0.8548387096774194,0.8095238095238095,0.7727272727272727,0.9,0.7906976744186046,0.9113636363636364,
7,7,LogisticRegression,553,61,0.6885245901639344,0.5357142857142857,0.7142857142857143,0.675,0.6122448979591837,0.7773809523809524,"{""clf__C"": 0.1}"
7,7,DecisionTree,553,61,0.7377049180327869,0.631578947368421,0.5714285714285714,0.825,0.6,0.7482142857142857,"{""clf__max_depth"": 5, ""clf__min_samples_leaf"": 5}"
7,7,RandomForest,553,61,0.7377049180327869,0.5925925925925926,0.7619047619047619,0.725,0.6666666666666666,0.8130952380952381,"{""clf__max_depth"": 10, ""clf__min_samples_leaf"": 3}"
7,7,SVM,553,61,0.7704918032786885,0.6206896551724138,0.8571428571428571,0.725,0.72,0.830952380952381,"{""clf__C"": 1}"
7,7,XGBoost,553,61,0.7540983606557377,0.6,0.8571428571428571,0.7,0.7058823529411765,0.7952380952380952,"{""clf__learning_rate"": 0.05, ""clf__max_depth"": 3}"
7,7,NeuralNetwork,553,61,0.7377049180327869,0.6,0.7142857142857143,0.75,0.6521739130434783,0.7666666666666667,"{""clf__alpha"": 0.001}"
7,7,Voting(RF+XGB),553,61,0.7540983606557377,0.6071428571428571,0.8095238095238095,0.725,0.6938775510204082,0.8035714285714286,
7,7,Stacking(RF+XGB->LR),553,61,0.7213114754098361,0.5909090909090909,0.6190476190476191,0.775,0.6046511627906976,0.805952380952381,
7,7,Voting(all),553,61,0.7704918032786885,0.6296296296296297,0.8095238095238095,0.75,0.7083333333333334,0.8166666666666667,
7,7,Stacking(all->LR),553,61,0.7213114754098361,0.6,0.5714285714285714,0.8,0.5853658536585366,0.819047619047619,
7,8,LogisticRegression,552,62,0.6935483870967742,0.56,0.6363636363636364,0.725,0.5957446808510638,0.7897727272727273,"{""clf__C"": 0.1}"
7,8,DecisionTree,552,62,0.7580645161290323,0.6206896551724138,0.8181818181818182,0.725,0.7058823529411765,0.7426136363636364,"{""clf__max_depth"": 5, ""clf__min_samples_leaf"": 5}"
7,8,RandomForest,552,62,0.7580645161290323,0.6296296296296297,0.7727272727272727,0.75,0.6938775510204082,0.8159090909090909,"{""clf__max_depth"": 10, ""clf__min_samples_leaf"": 3}"
7,8,SVM,552,62,0.6935483870967742,0.5555555555555556,0.6818181818181818,0.7,0.6122448979591837,0.8045454545454545,"{""clf__C"": 1}"
7,8,XGBoost,552,62,0.7096774193548387,0.5714285714285714,0.7272727272727273,0.7,0.64,0.8250000000000001,"{""clf__learning_rate"": 0.05, ""clf__max_depth"": 3}"
7,8,NeuralNetwork,552,62,0.7580645161290323,0.64,0.7272727272727273,0.775,0.6808510638297872,0.8170454545454545,"{""clf__alpha"": 0.0001}"
7,8,Voting(RF+XGB),552,62,0.7096774193548387,0.5714285714285714,0.7272727272727273,0.7,0.64,0.8147727272727273,
7,8,Stacking(RF+XGB->LR),552,62,0.8064516129032258,0.7272727272727273,0.7272727272727273,0.85,0.7272727272727273,0.8147727272727273,
7,8,Voting(all),552,62,0.7580645161290323,0.64,0.7272727272727273,0.775,0.6808510638297872,0.8261363636363637,
7,8,Stacking(all->LR),552,62,0.7741935483870968,0.7,0.6363636363636364,0.85,0.6666666666666666,0.8136363636363636,
7,9,LogisticRegression,552,62,0.6612903225806451,0.5217391304347826,0.5454545454545454,0.725,0.5333333333333333,0.7579545454545454,"{""clf__C"": 0.1}"
7,9,DecisionTree,552,62,0.6935483870967742,0.56,0.6363636363636364,0.725,0.5957446808510638,0.7284090909090909,"{""clf__max_depth"": 7, ""clf__min_samples_leaf"": 5}"
7,9,RandomForest,552,62,0.6774193548387096,0.5384615384615384,0.6363636363636364,0.7,0.5833333333333334,0.7511363636363637,"{""clf__max_depth"": 5, ""clf__min_samples_leaf"": 3}"
7,9,SVM,552,62,0.6935483870967742,0.5555555555555556,0.6818181818181818,0.7,0.6122448979591837,0.7556818181818181,"{""clf__C"": 1}"
7,9,XGBoost,552,62,0.7419354838709677,0.625,0.6818181818181818,0.775,0.6521739130434783,0.7852272727272728,"{""clf__learning_rate"": 0.05, ""clf__max_depth"": 3}"
7,9,NeuralNetwork,552,62,0.6774193548387096,0.55,0.5,0.775,0.5238095238095238,0.7079545454545455,"{""clf__alpha"": 0.001}"
7,9,Voting(RF+XGB),552,62,0.7419354838709677,0.625,0.6818181818181818,0.775,0.6521739130434783,0.7852272727272728,
7,9,Stacking(RF+XGB->LR),552,62,0.7096774193548387,0.6428571428571429,0.4090909090909091,0.875,0.5,0.7761363636363636,
7,9,Voting(all),552,62,0.7258064516129032,0.6086956521739131,0.6363636363636364,0.775,0.6222222222222222,0.7659090909090909,
7,9,Stacking(all->LR),552,62,0.7096774193548387,0.625,0.45454545454545453,0.85,0.5263157894736842,0.7693181818181818,
