dataset,protocol,mean_acc,mean_auc,rf_acc,lr_acc,rf_auc,lr_auc,best_acc_median,best_acc_max,best_acc_p90,ens_lead_acc_pct,base_lead_acc_pct,ens_lead_auc_pct,base_lead_auc_pct,orig_mean_acc,orig_mean_auc,orig_rf_auc,orig_lr_auc,orig_lr_acc,orig_rf_acc,orig_ens_lead_auc_pct,orig_base_lead_auc_pct,orig_ens_lead_acc_pct,orig_base_lead_acc_pct,n_test,n_test_orig,test_pos_rate,test_pos_rate_orig
pima,L0,0.7478246753246753,0.8194328703703704,0.7585714285714286,0.7507792207792208,0.8304703703703704,0.8312703703703704,0.7792207792207793,0.8376623376623377,0.8051948051948052,36.0,12.0,0.0,8.0,,,,,,,,,,,,,,
pima,L1,0.7481331168831169,0.8200944444444443,0.7594805194805195,0.7507792207792208,0.8311185185185185,0.8313481481481482,0.7792207792207793,0.8441558441558441,0.8051948051948052,24.0,24.0,0.0,4.0,,,,,,,,,,,,,,
pima,L2,0.7900875,0.866661,0.809,0.7376999999999999,0.890104,0.8367600000000001,0.815,0.855,0.845,12.0,20.0,0.0,2.0,0.7635447056281465,0.8408953284767764,0.8566256228668847,0.8314351742986354,0.7505486537613676,0.7747611467718666,0.0,0.0,16.0,18.0,200.0,153.28,0.5,0.3472454503490566
pima,L3,0.792825,0.868894,0.8181,0.7375,0.8980199999999999,0.836782,0.82,0.88,0.855,12.0,32.0,0.0,0.0,0.7646484511217451,0.8388932959493381,0.8603602852083757,0.8303089883114996,0.7485462889263459,0.7805968771717235,0.0,0.0,12.0,34.0,200.0,153.28,0.5,0.3472454503490566
pima,L4,0.7985428571428571,0.877105409471481,0.8218285714285715,0.7435428571428571,0.9054330193615908,0.8467870225013082,0.8342857142857143,0.8971428571428571,0.8577142857142857,22.0,24.0,0.0,0.0,0.772126447811442,0.8432512530042122,0.8650838838066656,0.8375976377306918,0.7541914638810906,0.7849736110315775,0.0,4.0,22.0,20.0,175.0,134.02,0.48000000000000015,0.32040841363793304
early_stage,L0-group,0.9016826923076923,0.9622773437500001,0.9246153846153846,0.8807692307692307,0.9780546875,0.9620859375,0.9423076923076924,0.9903846153846154,0.971153846153846,0.0,32.0,0.0,8.0,,,,,,,,,,,,,,
early_stage,L0,0.9582932692307692,0.9890751953125,0.9798076923076923,0.9059615384615385,0.998515625,0.970015625,0.9903846153846154,1.0,1.0,0.0,8.0,0.0,0.0,,,,,,,,,,,,,,
early_stage,L1,0.9583894230769231,0.9891240234374999,0.980576923076923,0.9059615384615385,0.998609375,0.97,0.9903846153846154,1.0,1.0,0.0,8.0,0.0,0.0,,,,,,,,,,,,,,
early_stage,L2,0.96484375,0.9910934448242188,0.98609375,0.919375,0.99938720703125,0.9753662109375,0.9921875,1.0,1.0,0.0,2.0,0.0,0.0,0.9581296740113453,0.9895932397704652,0.9990398168466453,0.9728976719582281,0.9055226768515483,0.983152003113378,0.0,0.0,0.0,2.0,128.0,103.82,0.5,0.6168802757061016
early_stage,L3,0.96666015625,0.9914486694335938,0.98609375,0.93453125,0.99938720703125,0.9779345703125,0.9921875,1.0,1.0,0.0,2.0,0.0,0.0,0.9604827782273044,0.9899436194322478,0.9990398168466453,0.9755593421167501,0.9247054094937236,0.983152003113378,0.0,0.0,0.0,2.0,128.0,103.82,0.5,0.6168802757061016
early_stage,L4,0.95234375,0.9857177734375,0.96984375,0.9034375,0.9952880859375,0.967255859375,0.9765625,1.0,0.9921875,4.0,16.0,0.0,0.0,0.9439281742955546,0.983588612888114,0.9940189887968053,0.9647206763846183,0.8912044814932549,0.9636126127444142,0.0,0.0,4.0,16.0,128.0,103.82,0.5,0.6168802757061016
