dataset,protocol,seed,model,accuracy,precision,sensitivity,specificity,f1,roc_auc,orig_accuracy,orig_precision,orig_sensitivity,orig_specificity,orig_f1,orig_roc_auc,n_test,n_test_orig,test_pos_rate,test_pos_rate_orig
pima,L2,1000,LogisticRegression,0.7,0.7272727272727273,0.64,0.76,0.6808510638297872,0.8256,0.7254901960784313,0.5932203389830508,0.660377358490566,0.76,0.625,0.8266037735849057,200,153,0.5,0.3464052287581699
pima,L2,1000,DecisionTree,0.79,0.7416666666666667,0.89,0.69,0.8090909090909091,0.85505,0.7450980392156863,0.5921052631578947,0.8490566037735849,0.69,0.6976744186046512,0.8364150943396227,200,153,0.5,0.3464052287581699
pima,L2,1000,RandomForest,0.805,0.7699115044247787,0.87,0.74,0.8169014084507042,0.8984,0.7712418300653595,0.6285714285714286,0.8301886792452831,0.74,0.7154471544715447,0.8709433962264151,200,153,0.5,0.3464052287581699
pima,L2,1000,SVM,0.8,0.7678571428571429,0.86,0.74,0.8113207547169812,0.8642,0.7647058823529411,0.6231884057971014,0.8113207547169812,0.74,0.7049180327868853,0.8433962264150944,200,153,0.5,0.3464052287581699
pima,L2,1000,XGBoost,0.77,0.7327586206896551,0.85,0.69,0.7870370370370371,0.8699,0.738562091503268,0.5866666666666667,0.8301886792452831,0.69,0.6875,0.8549056603773585,200,153,0.5,0.3464052287581699
pima,L2,1000,NeuralNetwork,0.795,0.7864077669902912,0.81,0.78,0.7980295566502463,0.8741,0.7647058823529411,0.639344262295082,0.7358490566037735,0.78,0.6842105263157895,0.8433962264150943,200,153,0.5,0.3464052287581699
pima,L2,1000,Voting(RF+XGB),0.79,0.7543859649122807,0.86,0.72,0.8037383177570093,0.8883,0.7516339869281046,0.6056338028169014,0.8113207547169812,0.72,0.6935483870967742,0.8650943396226415,200,153,0.5,0.3464052287581699
pima,L2,1000,Stacking(RF+XGB->LR),0.785,0.7567567567567568,0.84,0.73,0.7962085308056872,0.8925,0.7450980392156863,0.6029411764705882,0.7735849056603774,0.73,0.6776859504132231,0.8681132075471698,200,153,0.5,0.3464052287581699
pima,L2,1001,LogisticRegression,0.78,0.7978723404255319,0.75,0.81,0.7731958762886598,0.8709,0.7987012987012987,0.6885245901639344,0.7777777777777778,0.81,0.7304347826086957,0.8774074074074074,200,154,0.5,0.35064935064935066
pima,L2,1001,DecisionTree,0.785,0.7663551401869159,0.82,0.75,0.7922705314009661,0.8388,0.7337662337662337,0.6031746031746031,0.7037037037037037,0.75,0.6495726495726496,0.8027777777777778,200,154,0.5,0.35064935064935066
pima,L2,1001,RandomForest,0.835,0.8018018018018018,0.89,0.78,0.8436018957345972,0.9059,0.7922077922077922,0.6666666666666666,0.8148148148148148,0.78,0.7333333333333333,0.8735185185185186,200,154,0.5,0.35064935064935066
pima,L2,1001,SVM,0.855,0.8317757009345794,0.89,0.82,0.8599033816425121,0.903,0.8311688311688312,0.71875,0.8518518518518519,0.82,0.7796610169491526,0.8818518518518519,200,154,0.5,0.35064935064935066
pima,L2,1001,XGBoost,0.805,0.7699115044247787,0.87,0.74,0.8169014084507042,0.9078999999999999,0.7662337662337663,0.6285714285714286,0.8148148148148148,0.74,0.7096774193548387,0.8872222222222221,200,154,0.5,0.35064935064935066
pima,L2,1001,NeuralNetwork,0.85,0.8365384615384616,0.87,0.83,0.8529411764705882,0.8964,0.8181818181818182,0.7166666666666667,0.7962962962962963,0.83,0.7543859649122807,0.8746296296296296,200,154,0.5,0.35064935064935066
pima,L2,1001,Voting(RF+XGB),0.82,0.7857142857142857,0.88,0.76,0.8301886792452831,0.9109,0.7792207792207793,0.6470588235294118,0.8148148148148148,0.76,0.7213114754098361,0.885,200,154,0.5,0.35064935064935066
pima,L2,1001,Stacking(RF+XGB->LR),0.83,0.8,0.88,0.78,0.8380952380952381,0.9093,0.7922077922077922,0.6666666666666666,0.8148148148148148,0.78,0.7333333333333333,0.8796296296296297,200,154,0.5,0.35064935064935066
pima,L2,1002,LogisticRegression,0.73,0.73,0.73,0.73,0.73,0.8265,0.7483870967741936,0.6142857142857143,0.7818181818181819,0.73,0.688,0.8350909090909091,200,155,0.5,0.3548387096774194
pima,L2,1002,DecisionTree,0.735,0.7238095238095238,0.76,0.71,0.7414634146341463,0.79785,0.7032258064516129,0.5671641791044776,0.6909090909090909,0.71,0.6229508196721312,0.7704545454545454,200,155,0.5,0.3548387096774194
pima,L2,1002,RandomForest,0.795,0.7657657657657657,0.85,0.74,0.8056872037914692,0.8785000000000001,0.7612903225806451,0.6285714285714286,0.8,0.74,0.704,0.8478181818181818,200,155,0.5,0.3548387096774194
pima,L2,1002,SVM,0.755,0.7217391304347827,0.83,0.68,0.772093023255814,0.8644000000000001,0.7225806451612903,0.5789473684210527,0.8,0.68,0.6717557251908397,0.8503636363636364,200,155,0.5,0.3548387096774194
pima,L2,1002,XGBoost,0.795,0.7565217391304347,0.87,0.72,0.8093023255813954,0.8624,0.7677419354838709,0.6266666666666667,0.8545454545454545,0.72,0.7230769230769231,0.8360000000000001,200,155,0.5,0.3548387096774194
pima,L2,1002,NeuralNetwork,0.775,0.7522935779816514,0.82,0.73,0.784688995215311,0.8428,0.7354838709677419,0.6029411764705882,0.7454545454545455,0.73,0.6666666666666666,0.8147272727272727,200,155,0.5,0.3548387096774194
pima,L2,1002,Voting(RF+XGB),0.81,0.7719298245614035,0.88,0.74,0.822429906542056,0.876,0.7806451612903226,0.6438356164383562,0.8545454545454545,0.74,0.734375,0.8461818181818181,200,155,0.5,0.3548387096774194
pima,L2,1002,Stacking(RF+XGB->LR),0.8,0.7727272727272727,0.85,0.75,0.8095238095238095,0.8803000000000001,0.7741935483870968,0.6428571428571429,0.8181818181818182,0.75,0.72,0.8510909090909091,200,155,0.5,0.3548387096774194
pima,L2,1003,LogisticRegression,0.785,0.7938144329896907,0.77,0.8,0.7817258883248731,0.8729,0.7922077922077922,0.6774193548387096,0.7777777777777778,0.8,0.7241379310344828,0.8653703703703703,200,154,0.5,0.35064935064935066
pima,L2,1003,DecisionTree,0.775,0.7235772357723578,0.89,0.66,0.7982062780269058,0.8630500000000002,0.7272727272727273,0.575,0.8518518518518519,0.66,0.6865671641791045,0.8337037037037036,200,154,0.5,0.35064935064935066
pima,L2,1003,RandomForest,0.845,0.822429906542056,0.88,0.81,0.8502415458937198,0.9205,0.8116883116883117,0.6984126984126984,0.8148148148148148,0.81,0.7521367521367521,0.8805555555555556,200,154,0.5,0.35064935064935066
pima,L2,1003,SVM,0.81,0.7818181818181819,0.86,0.76,0.819047619047619,0.91,0.7792207792207793,0.6470588235294118,0.8148148148148148,0.76,0.7213114754098361,0.8814814814814813,200,154,0.5,0.35064935064935066
pima,L2,1003,XGBoost,0.82,0.7909090909090909,0.87,0.77,0.8285714285714286,0.9057,0.7792207792207793,0.6515151515151515,0.7962962962962963,0.77,0.7166666666666667,0.87,200,154,0.5,0.35064935064935066
pima,L2,1003,NeuralNetwork,0.8,0.7884615384615384,0.82,0.78,0.803921568627451,0.8958,0.7662337662337663,0.6451612903225806,0.7407407407407407,0.78,0.6896551724137931,0.8518518518518519,200,154,0.5,0.35064935064935066
pima,L2,1003,Voting(RF+XGB),0.835,0.8018018018018018,0.89,0.78,0.8436018957345972,0.9163,0.7987012987012987,0.6716417910447762,0.8333333333333334,0.78,0.743801652892562,0.8783333333333333,200,154,0.5,0.35064935064935066
pima,L2,1003,Stacking(RF+XGB->LR),0.84,0.8090909090909091,0.89,0.79,0.8476190476190476,0.9198,0.8051948051948052,0.6818181818181818,0.8333333333333334,0.79,0.75,0.8820370370370371,200,154,0.5,0.35064935064935066
pima,L2,1004,LogisticRegression,0.715,0.7415730337078652,0.66,0.77,0.6984126984126984,0.8233,0.7261146496815286,0.6166666666666667,0.6491228070175439,0.77,0.6324786324786325,0.8075438596491228,200,157,0.5,0.3630573248407643
pima,L2,1004,DecisionTree,0.78,0.7545454545454545,0.83,0.73,0.7904761904761904,0.8269000000000001,0.7643312101910829,0.6351351351351351,0.8245614035087719,0.73,0.7175572519083969,0.8234210526315789,200,157,0.5,0.3630573248407643
pima,L2,1004,RandomForest,0.8,0.7830188679245284,0.83,0.77,0.8058252427184466,0.9054,0.7579617834394905,0.6461538461538462,0.7368421052631579,0.77,0.6885245901639344,0.8731578947368421,200,157,0.5,0.3630573248407643
pima,L2,1004,SVM,0.795,0.7706422018348624,0.84,0.75,0.8038277511961722,0.8883,0.7643312101910829,0.6428571428571429,0.7894736842105263,0.75,0.7086614173228346,0.858421052631579,200,157,0.5,0.3630573248407643
pima,L2,1004,XGBoost,0.82,0.7962962962962963,0.86,0.78,0.8269230769230769,0.8706,0.7898089171974523,0.6764705882352942,0.8070175438596491,0.78,0.736,0.8436842105263158,200,157,0.5,0.3630573248407643
pima,L2,1004,NeuralNetwork,0.805,0.801980198019802,0.81,0.8,0.8059701492537313,0.8782000000000001,0.7707006369426752,0.6721311475409836,0.7192982456140351,0.8,0.6949152542372882,0.8305263157894737,200,157,0.5,0.3630573248407643
pima,L2,1004,Voting(RF+XGB),0.815,0.7889908256880734,0.86,0.77,0.8229665071770335,0.8913,0.7770700636942676,0.6617647058823529,0.7894736842105263,0.77,0.72,0.8645614035087719,200,157,0.5,0.3630573248407643
pima,L2,1004,Stacking(RF+XGB->LR),0.815,0.7889908256880734,0.86,0.77,0.8229665071770335,0.8915,0.7770700636942676,0.6617647058823529,0.7894736842105263,0.77,0.72,0.8647368421052632,200,157,0.5,0.3630573248407643
pima,L2,1005,LogisticRegression,0.73,0.7674418604651163,0.66,0.8,0.7096774193548387,0.8119000000000001,0.7549668874172185,0.6296296296296297,0.6666666666666666,0.8,0.6476190476190476,0.8123529411764705,200,151,0.5,0.33774834437086093
pima,L2,1005,DecisionTree,0.82,0.7962962962962963,0.86,0.78,0.8269230769230769,0.8512000000000001,0.8145695364238411,0.6716417910447762,0.8823529411764706,0.78,0.7627118644067796,0.8502941176470589,200,151,0.5,0.33774834437086093
pima,L2,1005,RandomForest,0.83,0.8055555555555556,0.87,0.79,0.8365384615384616,0.8882,0.8013245033112583,0.6666666666666666,0.8235294117647058,0.79,0.7368421052631579,0.8601960784313726,200,151,0.5,0.33774834437086093
pima,L2,1005,SVM,0.805,0.7904761904761904,0.83,0.78,0.8097560975609757,0.855,0.7947019867549668,0.65625,0.8235294117647058,0.78,0.7304347826086957,0.8423529411764705,200,151,0.5,0.33774834437086093
pima,L2,1005,XGBoost,0.82,0.8137254901960784,0.83,0.81,0.8217821782178217,0.8845999999999999,0.7947019867549668,0.6724137931034483,0.7647058823529411,0.81,0.7155963302752294,0.8621568627450981,200,151,0.5,0.33774834437086093
pima,L2,1005,NeuralNetwork,0.78,0.7592592592592593,0.82,0.74,0.7884615384615384,0.8482999999999999,0.7483443708609272,0.6,0.7647058823529411,0.74,0.6724137931034483,0.8215686274509805,200,151,0.5,0.33774834437086093
pima,L2,1005,Voting(RF+XGB),0.84,0.84,0.84,0.84,0.84,0.8924,0.8145695364238411,0.7090909090909091,0.7647058823529411,0.84,0.7358490566037735,0.8668627450980392,200,151,0.5,0.33774834437086093
pima,L2,1005,Stacking(RF+XGB->LR),0.835,0.8316831683168316,0.84,0.83,0.835820895522388,0.8924,0.8079470198675497,0.6964285714285714,0.7647058823529411,0.83,0.7289719626168224,0.8672549019607844,200,151,0.5,0.33774834437086093
pima,L2,1006,LogisticRegression,0.72,0.75,0.66,0.78,0.7021276595744681,0.8231,0.7432432432432432,0.5925925925925926,0.6666666666666666,0.78,0.6274509803921569,0.8035416666666667,200,148,0.5,0.32432432432432434
pima,L2,1006,DecisionTree,0.795,0.7610619469026548,0.86,0.73,0.8075117370892019,0.8425499999999999,0.7432432432432432,0.578125,0.7708333333333334,0.73,0.6607142857142857,0.7902083333333333,200,148,0.5,0.32432432432432434
pima,L2,1006,RandomForest,0.825,0.8037383177570093,0.86,0.79,0.8309178743961353,0.8793999999999998,0.7702702702702703,0.625,0.7291666666666666,0.79,0.6730769230769231,0.8172916666666666,200,148,0.5,0.32432432432432434
pima,L2,1006,SVM,0.785,0.7567567567567568,0.84,0.73,0.7962085308056872,0.8557,0.7364864864864865,0.5714285714285714,0.75,0.73,0.6486486486486487,0.8102083333333333,200,148,0.5,0.32432432432432434
pima,L2,1006,XGBoost,0.81,0.7924528301886793,0.84,0.78,0.8155339805825242,0.8813,0.7702702702702703,0.6206896551724138,0.75,0.78,0.6792452830188679,0.8339583333333332,200,148,0.5,0.32432432432432434
pima,L2,1006,NeuralNetwork,0.8,0.7830188679245284,0.83,0.77,0.8058252427184466,0.8754000000000001,0.75,0.5964912280701754,0.7083333333333334,0.77,0.6476190476190476,0.8191666666666666,200,148,0.5,0.32432432432432434
pima,L2,1006,Voting(RF+XGB),0.825,0.8037383177570093,0.86,0.79,0.8309178743961353,0.8845,0.777027027027027,0.631578947368421,0.75,0.79,0.6857142857142857,0.8310416666666667,200,148,0.5,0.32432432432432434
pima,L2,1006,Stacking(RF+XGB->LR),0.825,0.8095238095238095,0.85,0.8,0.8292682926829268,0.8833,0.777027027027027,0.6363636363636364,0.7291666666666666,0.8,0.6796116504854369,0.8260416666666667,200,148,0.5,0.32432432432432434
pima,L2,1007,LogisticRegression,0.71,0.71875,0.69,0.73,0.7040816326530612,0.8265,0.7243589743589743,0.5970149253731343,0.7142857142857143,0.73,0.6504065040650406,0.8308928571428571,200,156,0.5,0.358974358974359
pima,L2,1007,DecisionTree,0.745,0.7247706422018348,0.79,0.7,0.7559808612440191,0.8085999999999999,0.7307692307692307,0.5945945945945946,0.7857142857142857,0.7,0.676923076923077,0.8066964285714285,200,156,0.5,0.358974358974359
pima,L2,1007,RandomForest,0.805,0.7961165048543689,0.82,0.79,0.8078817733990148,0.8886,0.7884615384615384,0.676923076923077,0.7857142857142857,0.79,0.7272727272727273,0.862142857142857,200,156,0.5,0.358974358974359
pima,L2,1007,SVM,0.795,0.7610619469026548,0.86,0.73,0.8075117370892019,0.8547,0.7756410256410257,0.64,0.8571428571428571,0.73,0.732824427480916,0.8417857142857142,200,156,0.5,0.358974358974359
pima,L2,1007,XGBoost,0.8,0.7830188679245284,0.83,0.77,0.8058252427184466,0.8761000000000001,0.782051282051282,0.6617647058823529,0.8035714285714286,0.77,0.7258064516129032,0.85125,200,156,0.5,0.358974358974359
pima,L2,1007,NeuralNetwork,0.79,0.7589285714285714,0.85,0.73,0.8018867924528302,0.8651,0.7564102564102564,0.625,0.8035714285714286,0.73,0.703125,0.8360714285714286,200,156,0.5,0.358974358974359
pima,L2,1007,Voting(RF+XGB),0.8,0.7830188679245284,0.83,0.77,0.8058252427184466,0.8855999999999999,0.7756410256410257,0.6567164179104478,0.7857142857142857,0.77,0.7154471544715447,0.8603571428571428,200,156,0.5,0.358974358974359
pima,L2,1007,Stacking(RF+XGB->LR),0.81,0.803921568627451,0.82,0.8,0.8118811881188119,0.8875000000000001,0.7884615384615384,0.6825396825396826,0.7678571428571429,0.8,0.7226890756302521,0.8624999999999999,200,156,0.5,0.358974358974359
pima,L2,1008,LogisticRegression,0.75,0.7717391304347826,0.71,0.79,0.7395833333333334,0.8434,0.7785234899328859,0.6379310344827587,0.7551020408163265,0.79,0.6915887850467289,0.8628571428571428,200,149,0.5,0.3288590604026846
pima,L2,1008,DecisionTree,0.805,0.7606837606837606,0.89,0.72,0.8202764976958525,0.8141499999999999,0.7785234899328859,0.6111111111111112,0.8979591836734694,0.72,0.7272727272727273,0.8155102040816327,200,149,0.5,0.3288590604026846
pima,L2,1008,RandomForest,0.83,0.8055555555555556,0.87,0.79,0.8365384615384616,0.8973,0.8120805369127517,0.6666666666666666,0.8571428571428571,0.79,0.75,0.8806122448979592,200,149,0.5,0.3288590604026846
pima,L2,1008,SVM,0.785,0.7567567567567568,0.84,0.73,0.7962085308056872,0.86095,0.7583892617449665,0.5970149253731343,0.8163265306122449,0.73,0.6896551724137931,0.8431632653061225,200,149,0.5,0.3288590604026846
pima,L2,1008,XGBoost,0.825,0.7981651376146789,0.87,0.78,0.8325358851674641,0.8857999999999999,0.8053691275167785,0.65625,0.8571428571428571,0.78,0.7433628318584071,0.8724489795918368,200,149,0.5,0.3288590604026846
pima,L2,1008,NeuralNetwork,0.755,0.7383177570093458,0.79,0.72,0.7632850241545893,0.8224,0.7181208053691275,0.5555555555555556,0.7142857142857143,0.72,0.625,0.7746938775510204,200,149,0.5,0.3288590604026846
pima,L2,1008,Voting(RF+XGB),0.825,0.8037383177570093,0.86,0.79,0.8309178743961353,0.8952,0.8120805369127517,0.6666666666666666,0.8571428571428571,0.79,0.75,0.880204081632653,200,149,0.5,0.3288590604026846
pima,L2,1008,Stacking(RF+XGB->LR),0.835,0.819047619047619,0.86,0.81,0.8390243902439024,0.8963,0.825503355704698,0.6885245901639344,0.8571428571428571,0.81,0.7636363636363637,0.8789795918367347,200,149,0.5,0.3288590604026846
pima,L2,1009,LogisticRegression,0.74,0.7608695652173914,0.7,0.78,0.7291666666666666,0.8357,0.7551020408163265,0.6,0.7021276595744681,0.78,0.6470588235294118,0.8312765957446808,200,147,0.5,0.3197278911564626
pima,L2,1009,DecisionTree,0.79,0.7543859649122807,0.86,0.72,0.8037383177570093,0.8116999999999999,0.7551020408163265,0.582089552238806,0.8297872340425532,0.72,0.6842105263157895,0.7859574468085107,200,147,0.5,0.3197278911564626
pima,L2,1009,RandomForest,0.825,0.8037383177570093,0.86,0.79,0.8309178743961353,0.9013,0.7755102040816326,0.625,0.7446808510638298,0.79,0.6796116504854369,0.8570212765957447,200,147,0.5,0.3197278911564626
pima,L2,1009,SVM,0.8,0.7777777777777778,0.84,0.76,0.8076923076923077,0.8738,0.7687074829931972,0.6065573770491803,0.7872340425531915,0.76,0.6851851851851852,0.8370212765957445,200,147,0.5,0.3197278911564626
pima,L2,1009,XGBoost,0.795,0.7610619469026548,0.86,0.73,0.8075117370892019,0.875,0.7482993197278912,0.578125,0.7872340425531915,0.73,0.6666666666666666,0.8395744680851064,200,147,0.5,0.3197278911564626
pima,L2,1009,NeuralNetwork,0.785,0.7766990291262136,0.8,0.77,0.7881773399014779,0.8679,0.7346938775510204,0.5740740740740741,0.6595744680851063,0.77,0.6138613861386139,0.8125531914893617,200,147,0.5,0.3197278911564626
pima,L2,1009,Voting(RF+XGB),0.8,0.7678571428571429,0.86,0.74,0.8113207547169812,0.8933,0.7551020408163265,0.5873015873015873,0.7872340425531915,0.74,0.6727272727272727,0.8548936170212765,200,147,0.5,0.3197278911564626
pima,L2,1009,Stacking(RF+XGB->LR),0.805,0.7798165137614679,0.85,0.76,0.8133971291866029,0.8968999999999999,0.7619047619047619,0.6,0.7659574468085106,0.76,0.6728971962616822,0.8580851063829786,200,147,0.5,0.3197278911564626
pima,L2,1010,LogisticRegression,0.72,0.7340425531914894,0.69,0.75,0.711340206185567,0.7958000000000001,0.7151898734177216,0.6031746031746031,0.6551724137931034,0.75,0.628099173553719,0.7846551724137931,200,158,0.5,0.3670886075949367
pima,L2,1010,DecisionTree,0.745,0.7168141592920354,0.81,0.68,0.7605633802816901,0.80185,0.7215189873417721,0.5897435897435898,0.7931034482758621,0.68,0.6764705882352942,0.7977586206896552,200,158,0.5,0.3670886075949367
pima,L2,1010,RandomForest,0.785,0.7522123893805309,0.85,0.72,0.7981220657276995,0.8594999999999999,0.7531645569620253,0.6266666666666667,0.8103448275862069,0.72,0.706766917293233,0.8208620689655173,200,158,0.5,0.3670886075949367
pima,L2,1010,SVM,0.75,0.7314814814814815,0.79,0.71,0.7596153846153846,0.8331999999999999,0.7215189873417721,0.5972222222222222,0.7413793103448276,0.71,0.6615384615384615,0.8048275862068965,200,158,0.5,0.3670886075949367
pima,L2,1010,XGBoost,0.785,0.7478260869565218,0.86,0.71,0.8,0.8564999999999999,0.759493670886076,0.6282051282051282,0.8448275862068966,0.71,0.7205882352941176,0.826551724137931,200,158,0.5,0.3670886075949367
pima,L2,1010,NeuralNetwork,0.775,0.7522935779816514,0.82,0.73,0.784688995215311,0.8218,0.740506329113924,0.6197183098591549,0.7586206896551724,0.73,0.6821705426356589,0.7837931034482758,200,158,0.5,0.3670886075949367
pima,L2,1010,Voting(RF+XGB),0.79,0.7589285714285714,0.85,0.73,0.8018867924528302,0.8604,0.7658227848101266,0.64,0.8275862068965517,0.73,0.7218045112781954,0.826551724137931,200,158,0.5,0.3670886075949367
pima,L2,1010,Stacking(RF+XGB->LR),0.785,0.7567567567567568,0.84,0.73,0.7962085308056872,0.861,0.759493670886076,0.6351351351351351,0.8103448275862069,0.73,0.7121212121212122,0.8256896551724138,200,158,0.5,0.3670886075949367
pima,L2,1011,LogisticRegression,0.735,0.7473684210526316,0.71,0.76,0.7282051282051282,0.8255,0.7516339869281046,0.6190476190476191,0.7358490566037735,0.76,0.6724137931034483,0.8347169811320754,200,153,0.5,0.3464052287581699
pima,L2,1011,DecisionTree,0.73,0.7254901960784313,0.74,0.72,0.7326732673267327,0.7931,0.7254901960784313,0.582089552238806,0.7358490566037735,0.72,0.65,0.7817924528301887,200,153,0.5,0.3464052287581699
pima,L2,1011,RandomForest,0.795,0.780952380952381,0.82,0.77,0.8,0.8793,0.7647058823529411,0.6349206349206349,0.7547169811320755,0.77,0.6896551724137931,0.8526415094339623,200,153,0.5,0.3464052287581699
pima,L2,1011,SVM,0.77,0.7547169811320755,0.8,0.74,0.7766990291262136,0.8462,0.7450980392156863,0.6060606060606061,0.7547169811320755,0.74,0.6722689075630253,0.8354716981132077,200,153,0.5,0.3464052287581699
pima,L2,1011,XGBoost,0.795,0.7864077669902912,0.81,0.78,0.7980295566502463,0.8681,0.7712418300653595,0.6451612903225806,0.7547169811320755,0.78,0.6956521739130435,0.8464150943396225,200,153,0.5,0.3464052287581699
pima,L2,1011,NeuralNetwork,0.77,0.75,0.81,0.73,0.7788461538461539,0.837,0.738562091503268,0.5970149253731343,0.7547169811320755,0.73,0.6666666666666666,0.8049056603773584,200,153,0.5,0.3464052287581699
pima,L2,1011,Voting(RF+XGB),0.8,0.7884615384615384,0.82,0.78,0.803921568627451,0.8780000000000001,0.7712418300653595,0.6451612903225806,0.7547169811320755,0.78,0.6956521739130435,0.8550943396226416,200,153,0.5,0.3464052287581699
pima,L2,1011,Stacking(RF+XGB->LR),0.795,0.7864077669902912,0.81,0.78,0.7980295566502463,0.8796999999999999,0.7712418300653595,0.6451612903225806,0.7547169811320755,0.78,0.6956521739130435,0.8554716981132076,200,153,0.5,0.3464052287581699
pima,L2,1012,LogisticRegression,0.72,0.7244897959183674,0.71,0.73,0.7171717171717171,0.8299,0.7402597402597403,0.6029411764705882,0.7592592592592593,0.73,0.6721311475409836,0.8383333333333334,200,154,0.5,0.35064935064935066
pima,L2,1012,DecisionTree,0.8,0.7631578947368421,0.87,0.73,0.8130841121495327,0.8310500000000001,0.7532467532467533,0.6142857142857143,0.7962962962962963,0.73,0.6935483870967742,0.8048148148148149,200,154,0.5,0.35064935064935066
pima,L2,1012,RandomForest,0.835,0.8018018018018018,0.89,0.78,0.8436018957345972,0.9049,0.7987012987012987,0.6716417910447762,0.8333333333333334,0.78,0.743801652892562,0.8755555555555555,200,154,0.5,0.35064935064935066
pima,L2,1012,SVM,0.795,0.7757009345794392,0.83,0.76,0.8019323671497585,0.8916,0.7467532467532467,0.6190476190476191,0.7222222222222222,0.76,0.6666666666666666,0.8618518518518519,200,154,0.5,0.35064935064935066
pima,L2,1012,XGBoost,0.835,0.8130841121495327,0.87,0.8,0.8405797101449275,0.8954,0.7987012987012987,0.6825396825396826,0.7962962962962963,0.8,0.7350427350427351,0.8712962962962962,200,154,0.5,0.35064935064935066
pima,L2,1012,NeuralNetwork,0.815,0.8058252427184466,0.83,0.8,0.8177339901477833,0.8892,0.7792207792207793,0.6666666666666666,0.7407407407407407,0.8,0.7017543859649122,0.8568518518518519,200,154,0.5,0.35064935064935066
pima,L2,1012,Voting(RF+XGB),0.845,0.8165137614678899,0.89,0.8,0.8516746411483254,0.9052,0.8051948051948052,0.6875,0.8148148148148148,0.8,0.7457627118644068,0.8796296296296297,200,154,0.5,0.35064935064935066
pima,L2,1012,Stacking(RF+XGB->LR),0.84,0.8207547169811321,0.87,0.81,0.8446601941747572,0.9054,0.8051948051948052,0.6935483870967742,0.7962962962962963,0.81,0.7413793103448276,0.8790740740740741,200,154,0.5,0.35064935064935066
pima,L2,1013,LogisticRegression,0.76,0.776595744680851,0.73,0.79,0.7525773195876289,0.8508,0.7662337662337663,0.65,0.7222222222222222,0.79,0.6842105263157895,0.8581481481481482,200,154,0.5,0.35064935064935066
pima,L2,1013,DecisionTree,0.775,0.7350427350427351,0.86,0.69,0.7926267281105991,0.7950999999999999,0.7467532467532467,0.5974025974025974,0.8518518518518519,0.69,0.7022900763358778,0.7869444444444443,200,154,0.5,0.35064935064935066
pima,L2,1013,RandomForest,0.805,0.7961165048543689,0.82,0.79,0.8078817733990148,0.9071,0.7727272727272727,0.6557377049180327,0.7407407407407407,0.79,0.6956521739130435,0.8816666666666667,200,154,0.5,0.35064935064935066
pima,L2,1013,SVM,0.79,0.7735849056603774,0.82,0.76,0.7961165048543689,0.8731,0.7597402597402597,0.6307692307692307,0.7592592592592593,0.76,0.6890756302521008,0.8486111111111111,200,154,0.5,0.35064935064935066
pima,L2,1013,XGBoost,0.8,0.7777777777777778,0.84,0.76,0.8076923076923077,0.8789,0.7597402597402597,0.6307692307692307,0.7592592592592593,0.76,0.6890756302521008,0.8555555555555556,200,154,0.5,0.35064935064935066
pima,L2,1013,NeuralNetwork,0.78,0.7692307692307693,0.8,0.76,0.7843137254901961,0.8798999999999999,0.7597402597402597,0.6307692307692307,0.7592592592592593,0.76,0.6890756302521008,0.862037037037037,200,154,0.5,0.35064935064935066
pima,L2,1013,Voting(RF+XGB),0.805,0.7904761904761904,0.83,0.78,0.8097560975609757,0.8955000000000001,0.7727272727272727,0.6507936507936508,0.7592592592592593,0.78,0.7008547008547008,0.8716666666666666,200,154,0.5,0.35064935064935066
pima,L2,1013,Stacking(RF+XGB->LR),0.805,0.7961165048543689,0.82,0.79,0.8078817733990148,0.9002,0.7727272727272727,0.6557377049180327,0.7407407407407407,0.79,0.6956521739130435,0.8751851851851853,200,154,0.5,0.35064935064935066
pima,L2,1014,LogisticRegression,0.7,0.7380952380952381,0.62,0.78,0.6739130434782609,0.8189,0.6973684210526315,0.56,0.5384615384615384,0.78,0.5490196078431373,0.8046153846153847,200,152,0.5,0.34210526315789475
pima,L2,1014,DecisionTree,0.755,0.7297297297297297,0.81,0.7,0.7677725118483413,0.8413,0.7171052631578947,0.5652173913043478,0.75,0.7,0.6446280991735537,0.8240384615384615,200,152,0.5,0.34210526315789475
pima,L2,1014,RandomForest,0.78,0.7857142857142857,0.77,0.79,0.7777777777777778,0.8747,0.75,0.625,0.6730769230769231,0.79,0.6481481481481481,0.8396153846153847,200,152,0.5,0.34210526315789475
pima,L2,1014,SVM,0.79,0.7636363636363637,0.84,0.74,0.8,0.8455,0.7631578947368421,0.6176470588235294,0.8076923076923077,0.74,0.7,0.815,200,152,0.5,0.34210526315789475
pima,L2,1014,XGBoost,0.775,0.7722772277227723,0.78,0.77,0.7761194029850746,0.8560000000000001,0.75,0.6166666666666667,0.7115384615384616,0.77,0.6607142857142857,0.8309615384615384,200,152,0.5,0.34210526315789475
pima,L2,1014,NeuralNetwork,0.785,0.7714285714285715,0.81,0.76,0.7902439024390244,0.8511000000000001,0.756578947368421,0.6190476190476191,0.75,0.76,0.6782608695652174,0.8198076923076922,200,152,0.5,0.34210526315789475
pima,L2,1014,Voting(RF+XGB),0.8,0.8,0.8,0.8,0.8,0.8685,0.7763157894736842,0.6551724137931034,0.7307692307692307,0.8,0.6909090909090909,0.8392307692307692,200,152,0.5,0.34210526315789475
pima,L2,1014,Stacking(RF+XGB->LR),0.795,0.797979797979798,0.79,0.8,0.7939698492462312,0.8704000000000001,0.7697368421052632,0.6491228070175439,0.7115384615384616,0.8,0.6788990825688074,0.8405769230769231,200,152,0.5,0.34210526315789475
pima,L2,1015,LogisticRegression,0.775,0.7777777777777778,0.77,0.78,0.7738693467336684,0.8703,0.8,0.6764705882352942,0.8363636363636363,0.78,0.7479674796747967,0.8956363636363637,200,155,0.5,0.3548387096774194
pima,L2,1015,DecisionTree,0.745,0.7058823529411765,0.84,0.65,0.7671232876712328,0.83775,0.7225806451612903,0.573170731707317,0.8545454545454545,0.65,0.6861313868613139,0.8407272727272728,200,155,0.5,0.3548387096774194
pima,L2,1015,RandomForest,0.81,0.7870370370370371,0.85,0.77,0.8173076923076923,0.9058,0.7935483870967742,0.6666666666666666,0.8363636363636363,0.77,0.7419354838709677,0.8883636363636364,200,155,0.5,0.3548387096774194
pima,L2,1015,SVM,0.76,0.7280701754385965,0.83,0.69,0.7757009345794392,0.8624999999999999,0.7354838709677419,0.5921052631578947,0.8181818181818182,0.69,0.6870229007633588,0.8647272727272727,200,155,0.5,0.3548387096774194
pima,L2,1015,XGBoost,0.785,0.7614678899082569,0.83,0.74,0.7942583732057417,0.8902000000000001,0.7741935483870968,0.6388888888888888,0.8363636363636363,0.74,0.7244094488188977,0.8845454545454545,200,155,0.5,0.3548387096774194
pima,L2,1015,NeuralNetwork,0.78,0.75,0.84,0.72,0.7924528301886793,0.8697,0.7548387096774194,0.6164383561643836,0.8181818181818182,0.72,0.703125,0.8647272727272728,200,155,0.5,0.3548387096774194
pima,L2,1015,Voting(RF+XGB),0.79,0.7636363636363637,0.84,0.74,0.8,0.9033,0.7677419354838709,0.6338028169014085,0.8181818181818182,0.74,0.7142857142857143,0.8914545454545454,200,155,0.5,0.3548387096774194
pima,L2,1015,Stacking(RF+XGB->LR),0.81,0.7818181818181819,0.86,0.76,0.819047619047619,0.9051,0.7935483870967742,0.6619718309859155,0.8545454545454545,0.76,0.746031746031746,0.8923636363636362,200,155,0.5,0.3548387096774194
pima,L2,1016,LogisticRegression,0.7,0.7380952380952381,0.62,0.78,0.6739130434782609,0.8145,0.7058823529411765,0.5769230769230769,0.5660377358490566,0.78,0.5714285714285714,0.7816981132075471,200,153,0.5,0.3464052287581699
pima,L2,1016,DecisionTree,0.745,0.7378640776699029,0.76,0.73,0.7487684729064039,0.7820499999999999,0.6993464052287581,0.5573770491803278,0.6415094339622641,0.73,0.5964912280701754,0.7247169811320755,200,153,0.5,0.3464052287581699
pima,L2,1016,RandomForest,0.755,0.7628865979381443,0.74,0.77,0.751269035532995,0.8482,0.7254901960784313,0.5964912280701754,0.6415094339622641,0.77,0.6181818181818182,0.7835849056603774,200,153,0.5,0.3464052287581699
pima,L2,1016,SVM,0.78,0.78,0.78,0.78,0.78,0.8493,0.7450980392156863,0.6206896551724138,0.6792452830188679,0.78,0.6486486486486487,0.8064150943396226,200,153,0.5,0.3464052287581699
pima,L2,1016,XGBoost,0.745,0.7474747474747475,0.74,0.75,0.7437185929648241,0.8387,0.7058823529411765,0.5689655172413793,0.6226415094339622,0.75,0.5945945945945946,0.7777358490566038,200,153,0.5,0.3464052287581699
pima,L2,1016,NeuralNetwork,0.78,0.7978723404255319,0.75,0.81,0.7731958762886598,0.848,0.7450980392156863,0.6346153846153846,0.6226415094339622,0.81,0.6285714285714286,0.7892452830188679,200,153,0.5,0.3464052287581699
pima,L2,1016,Voting(RF+XGB),0.755,0.7524752475247525,0.76,0.75,0.7562189054726368,0.8477,0.7189542483660131,0.5833333333333334,0.660377358490566,0.75,0.6194690265486725,0.7843396226415095,200,153,0.5,0.3464052287581699
pima,L2,1016,Stacking(RF+XGB->LR),0.745,0.7525773195876289,0.73,0.76,0.7411167512690355,0.848,0.7058823529411765,0.5714285714285714,0.6037735849056604,0.76,0.5871559633027523,0.7837735849056603,200,153,0.5,0.3464052287581699
pima,L2,1017,LogisticRegression,0.72,0.75,0.66,0.78,0.7021276595744681,0.838,0.7450980392156863,0.6206896551724138,0.6792452830188679,0.78,0.6486486486486487,0.8267924528301887,200,153,0.5,0.3464052287581699
pima,L2,1017,DecisionTree,0.76,0.7321428571428571,0.82,0.7,0.7735849056603774,0.80895,0.7058823529411765,0.5588235294117647,0.7169811320754716,0.7,0.628099173553719,0.7706603773584906,200,153,0.5,0.3464052287581699
pima,L2,1017,RandomForest,0.825,0.7981651376146789,0.87,0.78,0.8325358851674641,0.923,0.7973856209150327,0.6666666666666666,0.8301886792452831,0.78,0.7394957983193278,0.8928301886792452,200,153,0.5,0.3464052287581699
pima,L2,1017,SVM,0.805,0.7606837606837606,0.89,0.72,0.8202764976958525,0.8936999999999999,0.7777777777777778,0.6266666666666667,0.8867924528301887,0.72,0.734375,0.8815094339622641,200,153,0.5,0.3464052287581699
pima,L2,1017,XGBoost,0.825,0.7981651376146789,0.87,0.78,0.8325358851674641,0.9041,0.7843137254901961,0.65625,0.7924528301886793,0.78,0.717948717948718,0.8745283018867924,200,153,0.5,0.3464052287581699
pima,L2,1017,NeuralNetwork,0.85,0.8431372549019608,0.86,0.84,0.8514851485148515,0.9089999999999999,0.8366013071895425,0.7333333333333333,0.8301886792452831,0.84,0.7787610619469026,0.8856603773584906,200,153,0.5,0.3464052287581699
pima,L2,1017,Voting(RF+XGB),0.83,0.8,0.88,0.78,0.8380952380952381,0.9192,0.7908496732026143,0.6615384615384615,0.8113207547169812,0.78,0.7288135593220338,0.889056603773585,200,153,0.5,0.3464052287581699
pima,L2,1017,Stacking(RF+XGB->LR),0.835,0.8073394495412844,0.88,0.79,0.8421052631578947,0.9220999999999999,0.7973856209150327,0.671875,0.8113207547169812,0.79,0.7350427350427351,0.8926415094339623,200,153,0.5,0.3464052287581699
pima,L2,1018,LogisticRegression,0.74,0.7553191489361702,0.71,0.77,0.7319587628865979,0.8222,0.7628205128205128,0.6461538461538462,0.75,0.77,0.6942148760330579,0.8271428571428572,200,156,0.5,0.358974358974359
pima,L2,1018,DecisionTree,0.825,0.7927927927927928,0.88,0.77,0.8341232227488151,0.8694500000000001,0.8012820512820513,0.676056338028169,0.8571428571428571,0.77,0.7559055118110236,0.8639285714285714,200,156,0.5,0.358974358974359
pima,L2,1018,RandomForest,0.81,0.7719298245614035,0.88,0.74,0.822429906542056,0.8991,0.7884615384615384,0.6533333333333333,0.875,0.74,0.7480916030534351,0.8860714285714286,200,156,0.5,0.358974358974359
pima,L2,1018,SVM,0.79,0.7636363636363637,0.84,0.74,0.8,0.8747999999999999,0.782051282051282,0.6486486486486487,0.8571428571428571,0.74,0.7384615384615385,0.8767857142857142,200,156,0.5,0.358974358974359
pima,L2,1018,XGBoost,0.825,0.7876106194690266,0.89,0.76,0.8356807511737089,0.8819,0.8012820512820513,0.6712328767123288,0.875,0.76,0.7596899224806202,0.8764285714285713,200,156,0.5,0.358974358974359
pima,L2,1018,NeuralNetwork,0.79,0.79,0.79,0.79,0.79,0.8527,0.7884615384615384,0.676923076923077,0.7857142857142857,0.79,0.7272727272727273,0.8498214285714285,200,156,0.5,0.358974358974359
pima,L2,1018,Voting(RF+XGB),0.825,0.782608695652174,0.9,0.75,0.8372093023255814,0.8935,0.7948717948717948,0.6621621621621622,0.875,0.75,0.7538461538461538,0.8844642857142857,200,156,0.5,0.358974358974359
pima,L2,1018,Stacking(RF+XGB->LR),0.83,0.8,0.88,0.78,0.8380952380952381,0.8955,0.8141025641025641,0.6901408450704225,0.875,0.78,0.7716535433070866,0.8853571428571428,200,156,0.5,0.358974358974359
pima,L2,1019,LogisticRegression,0.755,0.8311688311688312,0.64,0.87,0.7231638418079096,0.8624,0.7870967741935484,0.7291666666666666,0.6363636363636364,0.87,0.6796116504854369,0.8461818181818181,200,155,0.5,0.3548387096774194
pima,L2,1019,DecisionTree,0.8,0.7941176470588235,0.81,0.79,0.801980198019802,0.8442000000000001,0.7741935483870968,0.6612903225806451,0.7454545454545455,0.79,0.7008547008547008,0.8131818181818182,200,155,0.5,0.3548387096774194
pima,L2,1019,RandomForest,0.855,0.8446601941747572,0.87,0.84,0.8571428571428571,0.9086000000000001,0.832258064516129,0.7377049180327869,0.8181818181818182,0.84,0.7758620689655172,0.876,200,155,0.5,0.3548387096774194
pima,L2,1019,SVM,0.83,0.8055555555555556,0.87,0.79,0.8365384615384616,0.8717,0.7935483870967742,0.676923076923077,0.8,0.79,0.7333333333333333,0.842,200,155,0.5,0.3548387096774194
pima,L2,1019,XGBoost,0.84,0.84,0.84,0.84,0.84,0.9046,0.8129032258064516,0.7241379310344828,0.7636363636363637,0.84,0.7433628318584071,0.8723636363636363,200,155,0.5,0.3548387096774194
pima,L2,1019,NeuralNetwork,0.82,0.8076923076923077,0.84,0.8,0.8235294117647058,0.8671,0.7806451612903226,0.6721311475409836,0.7454545454545455,0.8,0.7068965517241379,0.8321818181818181,200,155,0.5,0.3548387096774194
pima,L2,1019,Voting(RF+XGB),0.85,0.8431372549019608,0.86,0.84,0.8514851485148515,0.9091,0.8193548387096774,0.7288135593220338,0.7818181818181819,0.84,0.7543859649122807,0.8765454545454545,200,155,0.5,0.3548387096774194
pima,L2,1019,Stacking(RF+XGB->LR),0.85,0.8571428571428571,0.84,0.86,0.8484848484848485,0.9099999999999999,0.832258064516129,0.7543859649122807,0.7818181818181819,0.86,0.7678571428571429,0.8767272727272727,200,155,0.5,0.3548387096774194
pima,L2,1020,LogisticRegression,0.715,0.7263157894736842,0.69,0.74,0.7076923076923077,0.8215,0.7266666666666667,0.5737704918032787,0.7,0.74,0.6306306306306306,0.8094,200,150,0.5,0.3333333333333333
pima,L2,1020,DecisionTree,0.765,0.7623762376237624,0.77,0.76,0.7661691542288557,0.8062500000000001,0.7333333333333333,0.5862068965517241,0.68,0.76,0.6296296296296297,0.7554,200,150,0.5,0.3333333333333333
pima,L2,1020,RandomForest,0.81,0.81,0.81,0.81,0.81,0.8899999999999999,0.7733333333333333,0.6481481481481481,0.7,0.81,0.6730769230769231,0.8520000000000001,200,150,0.5,0.3333333333333333
pima,L2,1020,SVM,0.815,0.8,0.84,0.79,0.8195121951219512,0.86905,0.7866666666666666,0.65,0.78,0.79,0.7090909090909091,0.8335,200,150,0.5,0.3333333333333333
pima,L2,1020,XGBoost,0.81,0.8297872340425532,0.78,0.84,0.8041237113402062,0.8782,0.7933333333333333,0.6862745098039216,0.7,0.84,0.693069306930693,0.8410000000000001,200,150,0.5,0.3333333333333333
pima,L2,1020,NeuralNetwork,0.825,0.8350515463917526,0.81,0.84,0.8223350253807107,0.873,0.7933333333333333,0.6862745098039216,0.7,0.84,0.693069306930693,0.8281999999999999,200,150,0.5,0.3333333333333333
pima,L2,1020,Voting(RF+XGB),0.815,0.8181818181818182,0.81,0.82,0.8140703517587939,0.8872999999999999,0.78,0.660377358490566,0.7,0.82,0.6796116504854369,0.8473999999999999,200,150,0.5,0.3333333333333333
pima,L2,1020,Stacking(RF+XGB->LR),0.815,0.8181818181818182,0.81,0.82,0.8140703517587939,0.8871,0.78,0.660377358490566,0.7,0.82,0.6796116504854369,0.8473999999999999,200,150,0.5,0.3333333333333333
pima,L2,1021,LogisticRegression,0.73,0.75,0.69,0.77,0.71875,0.8199,0.7254901960784313,0.5964912280701754,0.6415094339622641,0.77,0.6181818181818182,0.7847169811320756,200,153,0.5,0.3464052287581699
pima,L2,1021,DecisionTree,0.76,0.7241379310344828,0.84,0.68,0.7777777777777778,0.8108,0.7124183006535948,0.5616438356164384,0.7735849056603774,0.68,0.6507936507936508,0.7764150943396226,200,153,0.5,0.3464052287581699
pima,L2,1021,RandomForest,0.815,0.7889908256880734,0.86,0.77,0.8229665071770335,0.8939,0.7647058823529411,0.6349206349206349,0.7547169811320755,0.77,0.6896551724137931,0.8484905660377358,200,153,0.5,0.3464052287581699
pima,L2,1021,SVM,0.785,0.7614678899082569,0.83,0.74,0.7942583732057417,0.8614999999999999,0.738562091503268,0.6,0.7358490566037735,0.74,0.6610169491525424,0.819433962264151,200,153,0.5,0.3464052287581699
pima,L2,1021,XGBoost,0.795,0.7565217391304347,0.87,0.72,0.8093023255813954,0.8683,0.738562091503268,0.5942028985507246,0.7735849056603774,0.72,0.6721311475409836,0.8294339622641509,200,153,0.5,0.3464052287581699
pima,L2,1021,NeuralNetwork,0.78,0.7592592592592593,0.82,0.74,0.7884615384615384,0.8584999999999999,0.7320261437908496,0.59375,0.7169811320754716,0.74,0.6495726495726496,0.8116981132075471,200,153,0.5,0.3464052287581699
pima,L2,1021,Voting(RF+XGB),0.805,0.7699115044247787,0.87,0.74,0.8169014084507042,0.8858,0.7516339869281046,0.6119402985074627,0.7735849056603774,0.74,0.6833333333333333,0.8435849056603774,200,153,0.5,0.3464052287581699
pima,L2,1021,Stacking(RF+XGB->LR),0.81,0.7818181818181819,0.86,0.76,0.819047619047619,0.8905000000000001,0.7581699346405228,0.625,0.7547169811320755,0.76,0.6837606837606838,0.8475471698113208,200,153,0.5,0.3464052287581699
pima,L2,1022,LogisticRegression,0.715,0.7590361445783133,0.63,0.8,0.6885245901639344,0.8331999999999999,0.7662337662337663,0.6551724137931034,0.7037037037037037,0.8,0.6785714285714286,0.8568518518518518,200,154,0.5,0.35064935064935066
pima,L2,1022,DecisionTree,0.765,0.7523809523809524,0.79,0.74,0.7707317073170732,0.8329,0.7727272727272727,0.6338028169014085,0.8333333333333334,0.74,0.72,0.8414814814814815,200,154,0.5,0.35064935064935066
pima,L2,1022,RandomForest,0.805,0.7850467289719626,0.84,0.77,0.8115942028985508,0.8918999999999999,0.7987012987012987,0.6666666666666666,0.8518518518518519,0.77,0.7479674796747967,0.8822222222222222,200,154,0.5,0.35064935064935066
pima,L2,1022,SVM,0.805,0.7850467289719626,0.84,0.77,0.8115942028985508,0.8651,0.8051948051948052,0.6714285714285714,0.8703703703703703,0.77,0.7580645161290323,0.8703703703703703,200,154,0.5,0.35064935064935066
pima,L2,1022,XGBoost,0.79,0.7636363636363637,0.84,0.74,0.8,0.8883,0.7727272727272727,0.6338028169014085,0.8333333333333334,0.74,0.72,0.8912962962962963,200,154,0.5,0.35064935064935066
pima,L2,1022,NeuralNetwork,0.795,0.7920792079207921,0.8,0.79,0.7960199004975125,0.8678,0.7922077922077922,0.671875,0.7962962962962963,0.79,0.7288135593220338,0.8488888888888888,200,154,0.5,0.35064935064935066
pima,L2,1022,Voting(RF+XGB),0.78,0.75,0.84,0.72,0.7924528301886793,0.8927999999999999,0.7662337662337663,0.6216216216216216,0.8518518518518519,0.72,0.71875,0.8905555555555555,200,154,0.5,0.35064935064935066
pima,L2,1022,Stacking(RF+XGB->LR),0.81,0.7924528301886793,0.84,0.78,0.8155339805825242,0.8937,0.8051948051948052,0.6764705882352942,0.8518518518518519,0.78,0.7540983606557377,0.8901851851851852,200,154,0.5,0.35064935064935066
pima,L2,1023,LogisticRegression,0.725,0.7319587628865979,0.71,0.74,0.7208121827411168,0.8191999999999999,0.7215189873417721,0.6060606060606061,0.6896551724137931,0.74,0.6451612903225806,0.8056896551724138,200,158,0.5,0.3670886075949367
pima,L2,1023,DecisionTree,0.725,0.7319587628865979,0.71,0.74,0.7208121827411168,0.7870999999999999,0.689873417721519,0.5737704918032787,0.603448275862069,0.74,0.5882352941176471,0.745,200,158,0.5,0.3670886075949367
pima,L2,1023,RandomForest,0.835,0.819047619047619,0.86,0.81,0.8390243902439024,0.9055,0.8037974683544303,0.7076923076923077,0.7931034482758621,0.81,0.7479674796747967,0.8791379310344828,200,158,0.5,0.3670886075949367
pima,L2,1023,SVM,0.8,0.7727272727272727,0.85,0.75,0.8095238095238095,0.8799999999999999,0.7721518987341772,0.6527777777777778,0.8103448275862069,0.75,0.7230769230769231,0.8612068965517241,200,158,0.5,0.3670886075949367
pima,L2,1023,XGBoost,0.79,0.7735849056603774,0.82,0.76,0.7961165048543689,0.8731,0.7468354430379747,0.6363636363636364,0.7241379310344828,0.76,0.6774193548387096,0.8437931034482758,200,158,0.5,0.3670886075949367
pima,L2,1023,NeuralNetwork,0.83,0.8173076923076923,0.85,0.81,0.8333333333333334,0.8712,0.8164556962025317,0.7164179104477612,0.8275862068965517,0.81,0.768,0.8510344827586206,200,158,0.5,0.3670886075949367
pima,L2,1023,Voting(RF+XGB),0.815,0.794392523364486,0.85,0.78,0.821256038647343,0.8918,0.7784810126582279,0.6716417910447762,0.7758620689655172,0.78,0.72,0.8631034482758622,200,158,0.5,0.3670886075949367
pima,L2,1023,Stacking(RF+XGB->LR),0.835,0.819047619047619,0.86,0.81,0.8390243902439024,0.9001,0.8037974683544303,0.7076923076923077,0.7931034482758621,0.81,0.7479674796747967,0.8724137931034482,200,158,0.5,0.3670886075949367
pima,L2,1024,LogisticRegression,0.715,0.7171717171717171,0.71,0.72,0.7135678391959799,0.8312,0.7483870967741936,0.6111111111111112,0.8,0.72,0.6929133858267716,0.8523636363636363,200,155,0.5,0.3548387096774194
pima,L2,1024,DecisionTree,0.755,0.7628865979381443,0.74,0.77,0.751269035532995,0.8392,0.7612903225806451,0.640625,0.7454545454545455,0.77,0.6890756302521008,0.8453636363636363,200,155,0.5,0.3548387096774194
pima,L2,1024,RandomForest,0.75,0.7314814814814815,0.79,0.71,0.7596153846153846,0.8724999999999999,0.7225806451612903,0.5857142857142857,0.7454545454545455,0.71,0.656,0.8489090909090908,200,155,0.5,0.3548387096774194
pima,L2,1024,SVM,0.755,0.7256637168141593,0.82,0.69,0.7699530516431925,0.8307,0.7419354838709677,0.5974025974025974,0.8363636363636363,0.69,0.696969696969697,0.8219090909090909,200,155,0.5,0.3548387096774194
pima,L2,1024,XGBoost,0.77,0.7410714285714286,0.83,0.71,0.7830188679245284,0.8688,0.7419354838709677,0.6027397260273972,0.8,0.71,0.6875,0.8521818181818182,200,155,0.5,0.3548387096774194
pima,L2,1024,NeuralNetwork,0.75,0.7358490566037735,0.78,0.72,0.7572815533980582,0.8308,0.7290322580645161,0.5942028985507246,0.7454545454545455,0.72,0.6612903225806451,0.8161818181818181,200,155,0.5,0.3548387096774194
pima,L2,1024,Voting(RF+XGB),0.775,0.7522935779816514,0.82,0.73,0.784688995215311,0.8734,0.7548387096774194,0.6197183098591549,0.8,0.73,0.6984126984126984,0.8532727272727273,200,155,0.5,0.3548387096774194
pima,L2,1024,Stacking(RF+XGB->LR),0.775,0.7570093457943925,0.81,0.74,0.782608695652174,0.873,0.7548387096774194,0.6231884057971014,0.7818181818181819,0.74,0.6935483870967742,0.852,200,155,0.5,0.3548387096774194
pima,L2,1025,LogisticRegression,0.71,0.7142857142857143,0.7,0.72,0.7070707070707071,0.8110999999999999,0.7019867549668874,0.5483870967741935,0.6666666666666666,0.72,0.6017699115044248,0.7935294117647058,200,151,0.5,0.33774834437086093
pima,L2,1025,DecisionTree,0.81,0.7719298245614035,0.88,0.74,0.822429906542056,0.85275,0.7748344370860927,0.6231884057971014,0.8431372549019608,0.74,0.7166666666666667,0.8329411764705883,200,151,0.5,0.33774834437086093
pima,L2,1025,RandomForest,0.81,0.7924528301886793,0.84,0.78,0.8155339805825242,0.8974,0.7814569536423841,0.6451612903225806,0.7843137254901961,0.78,0.7079646017699115,0.8698039215686275,200,151,0.5,0.33774834437086093
pima,L2,1025,SVM,0.8,0.7678571428571429,0.86,0.74,0.8113207547169812,0.87985,0.7814569536423841,0.6285714285714286,0.8627450980392157,0.74,0.7272727272727273,0.8587254901960784,200,151,0.5,0.33774834437086093
pima,L2,1025,XGBoost,0.815,0.8058252427184466,0.83,0.8,0.8177339901477833,0.8749,0.7814569536423841,0.6551724137931034,0.7450980392156863,0.8,0.6972477064220184,0.8441176470588234,200,151,0.5,0.33774834437086093
pima,L2,1025,NeuralNetwork,0.775,0.7669902912621359,0.79,0.76,0.7783251231527094,0.8679,0.7483443708609272,0.6065573770491803,0.7254901960784313,0.76,0.6607142857142857,0.840392156862745,200,151,0.5,0.33774834437086093
pima,L2,1025,Voting(RF+XGB),0.795,0.780952380952381,0.82,0.77,0.8,0.8892,0.7615894039735099,0.6229508196721312,0.7450980392156863,0.77,0.6785714285714286,0.8607843137254902,200,151,0.5,0.33774834437086093
pima,L2,1025,Stacking(RF+XGB->LR),0.795,0.780952380952381,0.82,0.77,0.8,0.8918999999999999,0.7615894039735099,0.6229508196721312,0.7450980392156863,0.77,0.6785714285714286,0.8639215686274511,200,151,0.5,0.33774834437086093
pima,L2,1026,LogisticRegression,0.78,0.7978723404255319,0.75,0.81,0.7731958762886598,0.8804,0.7972027972027972,0.6346153846153846,0.7674418604651163,0.81,0.6947368421052632,0.8646511627906976,200,143,0.5,0.3006993006993007
pima,L2,1026,DecisionTree,0.845,0.8053097345132744,0.91,0.78,0.8544600938967136,0.8864000000000001,0.8041958041958042,0.6271186440677966,0.8604651162790697,0.78,0.7254901960784313,0.863139534883721,200,143,0.5,0.3006993006993007
pima,L2,1026,RandomForest,0.84,0.788135593220339,0.93,0.75,0.8532110091743119,0.9342999999999999,0.7832167832167832,0.5967741935483871,0.8604651162790697,0.75,0.7047619047619048,0.9006976744186046,200,143,0.5,0.3006993006993007
pima,L2,1026,SVM,0.815,0.7692307692307693,0.9,0.73,0.8294930875576036,0.8859,0.7552447552447552,0.5645161290322581,0.813953488372093,0.73,0.6666666666666666,0.85,200,143,0.5,0.3006993006993007
pima,L2,1026,XGBoost,0.845,0.8053097345132744,0.91,0.78,0.8544600938967136,0.9319000000000001,0.7972027972027972,0.6206896551724138,0.8372093023255814,0.78,0.7128712871287128,0.9000000000000001,200,143,0.5,0.3006993006993007
pima,L2,1026,NeuralNetwork,0.835,0.8073394495412844,0.88,0.79,0.8421052631578947,0.8966,0.7902097902097902,0.6181818181818182,0.7906976744186046,0.79,0.6938775510204082,0.8627906976744186,200,143,0.5,0.3006993006993007
pima,L2,1026,Voting(RF+XGB),0.845,0.8,0.92,0.77,0.8558139534883721,0.9357,0.7972027972027972,0.6166666666666667,0.8604651162790697,0.77,0.7184466019417476,0.9053488372093024,200,143,0.5,0.3006993006993007
pima,L2,1026,Stacking(RF+XGB->LR),0.84,0.7931034482758621,0.92,0.76,0.8518518518518519,0.937,0.7902097902097902,0.6065573770491803,0.8604651162790697,0.76,0.7115384615384616,0.9069767441860465,200,143,0.5,0.3006993006993007
pima,L2,1027,LogisticRegression,0.73,0.73,0.73,0.73,0.73,0.8322,0.7419354838709677,0.6086956521739131,0.7636363636363637,0.73,0.6774193548387096,0.8461818181818181,200,155,0.5,0.3548387096774194
pima,L2,1027,DecisionTree,0.785,0.7522123893805309,0.85,0.72,0.7981220657276995,0.82945,0.7419354838709677,0.6056338028169014,0.7818181818181819,0.72,0.6825396825396826,0.792,200,155,0.5,0.3548387096774194
pima,L2,1027,RandomForest,0.8,0.7678571428571429,0.86,0.74,0.8113207547169812,0.8678,0.7483870967741936,0.6176470588235294,0.7636363636363637,0.74,0.6829268292682927,0.8314545454545454,200,155,0.5,0.3548387096774194
pima,L2,1027,SVM,0.785,0.7522123893805309,0.85,0.72,0.7981220657276995,0.8534,0.7548387096774194,0.6164383561643836,0.8181818181818182,0.72,0.703125,0.8318181818181818,200,155,0.5,0.3548387096774194
pima,L2,1027,XGBoost,0.815,0.7837837837837838,0.87,0.76,0.8246445497630331,0.8652999999999998,0.7806451612903226,0.6521739130434783,0.8181818181818182,0.76,0.7258064516129032,0.8347272727272728,200,155,0.5,0.3548387096774194
pima,L2,1027,NeuralNetwork,0.775,0.7477477477477478,0.83,0.72,0.7867298578199052,0.8366999999999999,0.7354838709677419,0.6,0.7636363636363637,0.72,0.672,0.8047272727272727,200,155,0.5,0.3548387096774194
pima,L2,1027,Voting(RF+XGB),0.805,0.7747747747747747,0.86,0.75,0.8151658767772512,0.8724000000000001,0.7612903225806451,0.6323529411764706,0.7818181818181819,0.75,0.6991869918699187,0.8385454545454545,200,155,0.5,0.3548387096774194
pima,L2,1027,Stacking(RF+XGB->LR),0.81,0.7818181818181819,0.86,0.76,0.819047619047619,0.8717,0.7677419354838709,0.6417910447761194,0.7818181818181819,0.76,0.7049180327868853,0.8367272727272727,200,155,0.5,0.3548387096774194
pima,L2,1028,LogisticRegression,0.76,0.7653061224489796,0.75,0.77,0.7575757575757576,0.8482000000000001,0.7388535031847133,0.6290322580645161,0.6842105263157895,0.77,0.6554621848739496,0.8131578947368421,200,157,0.5,0.3630573248407643
pima,L2,1028,DecisionTree,0.8,0.7678571428571429,0.86,0.74,0.8113207547169812,0.8603000000000001,0.7707006369426752,0.6438356164383562,0.8245614035087719,0.74,0.7230769230769231,0.8406140350877191,200,157,0.5,0.3630573248407643
pima,L2,1028,RandomForest,0.82,0.7909090909090909,0.87,0.77,0.8285714285714286,0.8959,0.7770700636942676,0.6617647058823529,0.7894736842105263,0.77,0.72,0.8566666666666667,200,157,0.5,0.3630573248407643
pima,L2,1028,SVM,0.82,0.7758620689655172,0.9,0.74,0.8333333333333334,0.8721,0.7834394904458599,0.6533333333333333,0.8596491228070176,0.74,0.7424242424242424,0.8428070175438597,200,157,0.5,0.3630573248407643
pima,L2,1028,XGBoost,0.81,0.7767857142857143,0.87,0.75,0.8207547169811321,0.8848,0.7707006369426752,0.647887323943662,0.8070175438596491,0.75,0.71875,0.8405263157894736,200,157,0.5,0.3630573248407643
pima,L2,1028,NeuralNetwork,0.8,0.7830188679245284,0.83,0.77,0.8058252427184466,0.8674000000000001,0.7643312101910829,0.6515151515151515,0.7543859649122807,0.77,0.6991869918699187,0.8278947368421052,200,157,0.5,0.3630573248407643
pima,L2,1028,Voting(RF+XGB),0.82,0.7909090909090909,0.87,0.77,0.8285714285714286,0.8942,0.7834394904458599,0.6666666666666666,0.8070175438596491,0.77,0.7301587301587301,0.8535087719298244,200,157,0.5,0.3630573248407643
pima,L2,1028,Stacking(RF+XGB->LR),0.81,0.7870370370370371,0.85,0.77,0.8173076923076923,0.8959,0.7707006369426752,0.6567164179104478,0.7719298245614035,0.77,0.7096774193548387,0.8557894736842105,200,157,0.5,0.3630573248407643
pima,L2,1029,LogisticRegression,0.8,0.8333333333333334,0.75,0.85,0.7894736842105263,0.8671,0.8181818181818182,0.7321428571428571,0.7592592592592593,0.85,0.7454545454545455,0.8596296296296296,200,154,0.5,0.35064935064935066
pima,L2,1029,DecisionTree,0.745,0.7207207207207207,0.8,0.69,0.7582938388625592,0.82475,0.7077922077922078,0.5633802816901409,0.7407407407407407,0.69,0.64,0.8082407407407407,200,154,0.5,0.35064935064935066
pima,L2,1029,RandomForest,0.805,0.7904761904761904,0.83,0.78,0.8097560975609757,0.886,0.7792207792207793,0.65625,0.7777777777777778,0.78,0.711864406779661,0.8583333333333333,200,154,0.5,0.35064935064935066
pima,L2,1029,SVM,0.82,0.7758620689655172,0.9,0.74,0.8333333333333334,0.8851,0.7857142857142857,0.6438356164383562,0.8703703703703703,0.74,0.7401574803149606,0.8653703703703703,200,154,0.5,0.35064935064935066
pima,L2,1029,XGBoost,0.825,0.8037383177570093,0.86,0.79,0.8309178743961353,0.8829,0.7922077922077922,0.671875,0.7962962962962963,0.79,0.7288135593220338,0.8603703703703703,200,154,0.5,0.35064935064935066
pima,L2,1029,NeuralNetwork,0.835,0.7964601769911505,0.9,0.77,0.8450704225352113,0.8943,0.7922077922077922,0.6617647058823529,0.8333333333333334,0.77,0.7377049180327869,0.8725925925925927,200,154,0.5,0.35064935064935066
pima,L2,1029,Voting(RF+XGB),0.82,0.7962962962962963,0.86,0.78,0.8269230769230769,0.8867999999999999,0.7922077922077922,0.6666666666666666,0.8148148148148148,0.78,0.7333333333333333,0.8633333333333334,200,154,0.5,0.35064935064935066
pima,L2,1029,Stacking(RF+XGB->LR),0.815,0.794392523364486,0.85,0.78,0.821256038647343,0.8872,0.7922077922077922,0.6666666666666666,0.8148148148148148,0.78,0.7333333333333333,0.860925925925926,200,154,0.5,0.35064935064935066
pima,L2,1030,LogisticRegression,0.74,0.7790697674418605,0.67,0.81,0.7204301075268817,0.8265,0.7564102564102564,0.6607142857142857,0.6607142857142857,0.81,0.6607142857142857,0.8003571428571428,200,156,0.5,0.358974358974359
pima,L2,1030,DecisionTree,0.77,0.7327586206896551,0.85,0.69,0.7870370370370371,0.8403499999999999,0.717948717948718,0.581081081081081,0.7678571428571429,0.69,0.6615384615384615,0.8049107142857144,200,156,0.5,0.358974358974359
pima,L2,1030,RandomForest,0.785,0.7714285714285715,0.81,0.76,0.7902439024390244,0.8682,0.7435897435897436,0.625,0.7142857142857143,0.76,0.6666666666666666,0.8266071428571429,200,156,0.5,0.358974358974359
pima,L2,1030,SVM,0.765,0.7387387387387387,0.82,0.71,0.7772511848341233,0.8429,0.7243589743589743,0.5915492957746479,0.75,0.71,0.6614173228346457,0.8166071428571429,200,156,0.5,0.358974358974359
pima,L2,1030,XGBoost,0.77,0.7647058823529411,0.78,0.76,0.7722772277227723,0.8591,0.7307692307692307,0.6129032258064516,0.6785714285714286,0.76,0.6440677966101694,0.8216071428571429,200,156,0.5,0.358974358974359
pima,L2,1030,NeuralNetwork,0.775,0.7570093457943925,0.81,0.74,0.782608695652174,0.8579,0.7371794871794872,0.6119402985074627,0.7321428571428571,0.74,0.6666666666666666,0.82625,200,156,0.5,0.358974358974359
pima,L2,1030,Voting(RF+XGB),0.765,0.7572815533980582,0.78,0.75,0.7684729064039408,0.8682,0.7243589743589743,0.6031746031746031,0.6785714285714286,0.75,0.6386554621848739,0.8278571428571428,200,156,0.5,0.358974358974359
pima,L2,1030,Stacking(RF+XGB->LR),0.77,0.7647058823529411,0.78,0.76,0.7722772277227723,0.8704,0.7307692307692307,0.6129032258064516,0.6785714285714286,0.76,0.6440677966101694,0.8294642857142857,200,156,0.5,0.358974358974359
pima,L2,1031,LogisticRegression,0.71,0.7333333333333333,0.66,0.76,0.6947368421052632,0.839,0.7449664429530202,0.5932203389830508,0.7142857142857143,0.76,0.6481481481481481,0.836734693877551,200,149,0.5,0.3288590604026846
pima,L2,1031,DecisionTree,0.785,0.7478260869565218,0.86,0.71,0.8,0.84985,0.738255033557047,0.5735294117647058,0.7959183673469388,0.71,0.6666666666666666,0.8261224489795918,200,149,0.5,0.3288590604026846
pima,L2,1031,RandomForest,0.805,0.7747747747747747,0.86,0.75,0.8151658767772512,0.8743,0.7583892617449665,0.6031746031746031,0.7755102040816326,0.75,0.6785714285714286,0.830408163265306,200,149,0.5,0.3288590604026846
pima,L2,1031,SVM,0.805,0.7798165137614679,0.85,0.76,0.8133971291866029,0.8598,0.7718120805369127,0.6190476190476191,0.7959183673469388,0.76,0.6964285714285714,0.8259183673469388,200,149,0.5,0.3288590604026846
pima,L2,1031,XGBoost,0.785,0.7663551401869159,0.82,0.75,0.7922705314009661,0.8659,0.7449664429530202,0.5901639344262295,0.7346938775510204,0.75,0.6545454545454545,0.8291836734693877,200,149,0.5,0.3288590604026846
pima,L2,1031,NeuralNetwork,0.78,0.7592592592592593,0.82,0.74,0.7884615384615384,0.8283,0.7315436241610739,0.5737704918032787,0.7142857142857143,0.74,0.6363636363636364,0.7777551020408163,200,149,0.5,0.3288590604026846
pima,L2,1031,Voting(RF+XGB),0.79,0.7685185185185185,0.83,0.75,0.7980769230769231,0.8730000000000001,0.7449664429530202,0.5901639344262295,0.7346938775510204,0.75,0.6545454545454545,0.8332653061224489,200,149,0.5,0.3288590604026846
pima,L2,1031,Stacking(RF+XGB->LR),0.805,0.7798165137614679,0.85,0.76,0.8133971291866029,0.8741,0.7651006711409396,0.6129032258064516,0.7755102040816326,0.76,0.6846846846846847,0.830612244897959,200,149,0.5,0.3288590604026846
pima,L2,1032,LogisticRegression,0.72,0.75,0.66,0.78,0.7021276595744681,0.8153999999999999,0.722972972972973,0.5686274509803921,0.6041666666666666,0.78,0.5858585858585859,0.7941666666666666,200,148,0.5,0.32432432432432434
pima,L2,1032,DecisionTree,0.755,0.7684210526315789,0.73,0.78,0.7487179487179487,0.8102,0.7567567567567568,0.6071428571428571,0.7083333333333334,0.78,0.6538461538461539,0.7851041666666666,200,148,0.5,0.32432432432432434
pima,L2,1032,RandomForest,0.79,0.7735849056603774,0.82,0.76,0.7961165048543689,0.8457,0.75,0.5932203389830508,0.7291666666666666,0.76,0.6542056074766355,0.799375,200,148,0.5,0.32432432432432434
pima,L2,1032,SVM,0.8,0.7777777777777778,0.84,0.76,0.8076923076923077,0.8479,0.7702702702702703,0.6129032258064516,0.7916666666666666,0.76,0.6909090909090909,0.8083333333333333,200,148,0.5,0.32432432432432434
pima,L2,1032,XGBoost,0.775,0.7570093457943925,0.81,0.74,0.782608695652174,0.8211999999999999,0.7432432432432432,0.5806451612903226,0.75,0.74,0.6545454545454545,0.7806249999999999,200,148,0.5,0.32432432432432434
pima,L2,1032,NeuralNetwork,0.785,0.7714285714285715,0.81,0.76,0.7902439024390244,0.8169,0.7364864864864865,0.5789473684210527,0.6875,0.76,0.6285714285714286,0.7714583333333334,200,148,0.5,0.32432432432432434
pima,L2,1032,Voting(RF+XGB),0.775,0.7570093457943925,0.81,0.74,0.782608695652174,0.8333,0.7364864864864865,0.5737704918032787,0.7291666666666666,0.74,0.6422018348623854,0.7885416666666666,200,148,0.5,0.32432432432432434
pima,L2,1032,Stacking(RF+XGB->LR),0.78,0.7641509433962265,0.81,0.75,0.7864077669902912,0.8392,0.7432432432432432,0.5833333333333334,0.7291666666666666,0.75,0.6481481481481481,0.7954166666666667,200,148,0.5,0.32432432432432434
pima,L2,1033,LogisticRegression,0.785,0.7614678899082569,0.83,0.74,0.7942583732057417,0.8757999999999999,0.777027027027027,0.6119402985074627,0.8541666666666666,0.74,0.7130434782608696,0.8777083333333333,200,148,0.5,0.32432432432432434
pima,L2,1033,DecisionTree,0.81,0.7924528301886793,0.84,0.78,0.8155339805825242,0.89045,0.7837837837837838,0.6333333333333333,0.7916666666666666,0.78,0.7037037037037037,0.8670833333333332,200,148,0.5,0.32432432432432434
pima,L2,1033,RandomForest,0.835,0.7964601769911505,0.9,0.77,0.8450704225352113,0.914,0.7837837837837838,0.6290322580645161,0.8125,0.77,0.7090909090909091,0.8814583333333333,200,148,0.5,0.32432432432432434
pima,L2,1033,SVM,0.805,0.7850467289719626,0.84,0.77,0.8115942028985508,0.88285,0.7635135135135135,0.6101694915254238,0.75,0.77,0.6728971962616822,0.8502083333333333,200,148,0.5,0.32432432432432434
pima,L2,1033,XGBoost,0.805,0.7699115044247787,0.87,0.74,0.8169014084507042,0.9049,0.7567567567567568,0.59375,0.7916666666666666,0.74,0.6785714285714286,0.875625,200,148,0.5,0.32432432432432434
pima,L2,1033,NeuralNetwork,0.825,0.8095238095238095,0.85,0.8,0.8292682926829268,0.8835000000000001,0.777027027027027,0.6363636363636364,0.7291666666666666,0.8,0.6796116504854369,0.8379166666666665,200,148,0.5,0.32432432432432434
pima,L2,1033,Voting(RF+XGB),0.82,0.7758620689655172,0.9,0.74,0.8333333333333334,0.91,0.777027027027027,0.6119402985074627,0.8541666666666666,0.74,0.7130434782608696,0.8785416666666667,200,148,0.5,0.32432432432432434
pima,L2,1033,Stacking(RF+XGB->LR),0.83,0.8,0.88,0.78,0.8380952380952381,0.9104,0.7905405405405406,0.639344262295082,0.8125,0.78,0.7155963302752294,0.878125,200,148,0.5,0.32432432432432434
pima,L2,1034,LogisticRegression,0.75,0.7717391304347826,0.71,0.79,0.7395833333333334,0.8383999999999999,0.7548387096774194,0.6440677966101694,0.6909090909090909,0.79,0.6666666666666666,0.828,200,155,0.5,0.3548387096774194
pima,L2,1034,DecisionTree,0.755,0.7142857142857143,0.85,0.66,0.776255707762557,0.8046499999999999,0.7161290322580646,0.569620253164557,0.8181818181818182,0.66,0.6716417910447762,0.7719090909090909,200,155,0.5,0.3548387096774194
pima,L2,1034,RandomForest,0.82,0.7909090909090909,0.87,0.77,0.8285714285714286,0.8887,0.8,0.6714285714285714,0.8545454545454545,0.77,0.752,0.8563636363636363,200,155,0.5,0.3548387096774194
pima,L2,1034,SVM,0.835,0.8130841121495327,0.87,0.8,0.8405797101449275,0.8724999999999999,0.8258064516129032,0.7058823529411765,0.8727272727272727,0.8,0.7804878048780488,0.8541818181818182,200,155,0.5,0.3548387096774194
pima,L2,1034,XGBoost,0.78,0.75,0.84,0.72,0.7924528301886793,0.8697999999999999,0.7483870967741936,0.6111111111111112,0.8,0.72,0.6929133858267716,0.8330909090909091,200,155,0.5,0.3548387096774194
pima,L2,1034,NeuralNetwork,0.82,0.826530612244898,0.81,0.83,0.8181818181818182,0.8665,0.8129032258064516,0.7166666666666667,0.7818181818181819,0.83,0.7478260869565218,0.8409090909090908,200,155,0.5,0.3548387096774194
pima,L2,1034,Voting(RF+XGB),0.8,0.7678571428571429,0.86,0.74,0.8113207547169812,0.8834,0.7741935483870968,0.6388888888888888,0.8363636363636363,0.74,0.7244094488188977,0.8492727272727272,200,155,0.5,0.3548387096774194
pima,L2,1034,Stacking(RF+XGB->LR),0.82,0.7962962962962963,0.86,0.78,0.8269230769230769,0.8859,0.8,0.6764705882352942,0.8363636363636363,0.78,0.7479674796747967,0.853090909090909,200,155,0.5,0.3548387096774194
pima,L2,1035,LogisticRegression,0.775,0.7777777777777778,0.77,0.78,0.7738693467336684,0.8555999999999999,0.7814569536423841,0.6451612903225806,0.7843137254901961,0.78,0.7079646017699115,0.8437254901960785,200,151,0.5,0.33774834437086093
pima,L2,1035,DecisionTree,0.79,0.7377049180327869,0.9,0.68,0.8108108108108109,0.8286499999999999,0.7350993377483444,0.5733333333333334,0.8431372549019608,0.68,0.6825396825396826,0.7954901960784313,200,151,0.5,0.33774834437086093
pima,L2,1035,RandomForest,0.82,0.7857142857142857,0.88,0.76,0.8301886792452831,0.8881999999999999,0.7814569536423841,0.6363636363636364,0.8235294117647058,0.76,0.717948717948718,0.8496078431372548,200,151,0.5,0.33774834437086093
pima,L2,1035,SVM,0.83,0.7894736842105263,0.9,0.76,0.8411214953271028,0.8661,0.8013245033112583,0.6521739130434783,0.8823529411764706,0.76,0.75,0.8407843137254903,200,151,0.5,0.33774834437086093
pima,L2,1035,XGBoost,0.815,0.7889908256880734,0.86,0.77,0.8229665071770335,0.8872000000000001,0.7947019867549668,0.6515151515151515,0.8431372549019608,0.77,0.7350427350427351,0.8580392156862745,200,151,0.5,0.33774834437086093
pima,L2,1035,NeuralNetwork,0.805,0.7747747747747747,0.86,0.75,0.8151658767772512,0.8667,0.7814569536423841,0.6323529411764706,0.8431372549019608,0.75,0.7226890756302521,0.8364705882352942,200,151,0.5,0.33774834437086093
pima,L2,1035,Voting(RF+XGB),0.81,0.7870370370370371,0.85,0.77,0.8173076923076923,0.8886000000000001,0.7880794701986755,0.6461538461538462,0.8235294117647058,0.77,0.7241379310344828,0.8547058823529412,200,151,0.5,0.33774834437086093
pima,L2,1035,Stacking(RF+XGB->LR),0.81,0.7870370370370371,0.85,0.77,0.8173076923076923,0.8897,0.7880794701986755,0.6461538461538462,0.8235294117647058,0.77,0.7241379310344828,0.854313725490196,200,151,0.5,0.33774834437086093
pima,L2,1036,LogisticRegression,0.735,0.719626168224299,0.77,0.7,0.7439613526570048,0.8225,0.7243589743589743,0.589041095890411,0.7678571428571429,0.7,0.6666666666666666,0.8201785714285714,200,156,0.5,0.358974358974359
pima,L2,1036,DecisionTree,0.77,0.7288135593220338,0.86,0.68,0.7889908256880734,0.8508499999999999,0.7243589743589743,0.5844155844155844,0.8035714285714286,0.68,0.6766917293233082,0.8277678571428573,200,156,0.5,0.358974358974359
pima,L2,1036,RandomForest,0.79,0.75,0.87,0.71,0.8055555555555556,0.8825,0.7435897435897436,0.6081081081081081,0.8035714285714286,0.71,0.6923076923076923,0.8469642857142857,200,156,0.5,0.358974358974359
pima,L2,1036,SVM,0.755,0.7217391304347827,0.83,0.68,0.772093023255814,0.8219,0.717948717948718,0.5789473684210527,0.7857142857142857,0.68,0.6666666666666666,0.7966071428571428,200,156,0.5,0.358974358974359
pima,L2,1036,XGBoost,0.78,0.7295081967213115,0.89,0.67,0.8018018018018018,0.8643000000000001,0.7243589743589743,0.5822784810126582,0.8214285714285714,0.67,0.6814814814814815,0.8383928571428572,200,156,0.5,0.358974358974359
pima,L2,1036,NeuralNetwork,0.76,0.7203389830508474,0.85,0.67,0.7798165137614679,0.8163,0.7051282051282052,0.5657894736842105,0.7678571428571429,0.67,0.6515151515151515,0.7853571428571429,200,156,0.5,0.358974358974359
pima,L2,1036,Voting(RF+XGB),0.785,0.7394957983193278,0.88,0.69,0.8036529680365296,0.8777,0.7307692307692307,0.5921052631578947,0.8035714285714286,0.69,0.6818181818181818,0.8475,200,156,0.5,0.358974358974359
pima,L2,1036,Stacking(RF+XGB->LR),0.785,0.7435897435897436,0.87,0.7,0.8018433179723502,0.8799,0.7307692307692307,0.5945945945945946,0.7857142857142857,0.7,0.676923076923077,0.8485714285714285,200,156,0.5,0.358974358974359
pima,L2,1037,LogisticRegression,0.74,0.75,0.72,0.76,0.7346938775510204,0.8281,0.7152317880794702,0.5714285714285714,0.6274509803921569,0.76,0.5981308411214953,0.7923529411764706,200,151,0.5,0.33774834437086093
pima,L2,1037,DecisionTree,0.78,0.75,0.84,0.72,0.7924528301886793,0.8383499999999999,0.7417218543046358,0.5882352941176471,0.7843137254901961,0.72,0.6722689075630253,0.8103921568627451,200,151,0.5,0.33774834437086093
pima,L2,1037,RandomForest,0.8,0.7631578947368421,0.87,0.73,0.8130841121495327,0.8933,0.7549668874172185,0.6029411764705882,0.803921568627451,0.73,0.6890756302521008,0.84,200,151,0.5,0.33774834437086093
pima,L2,1037,SVM,0.79,0.7543859649122807,0.86,0.72,0.8037383177570093,0.8514,0.7417218543046358,0.5882352941176471,0.7843137254901961,0.72,0.6722689075630253,0.8076470588235295,200,151,0.5,0.33774834437086093
pima,L2,1037,XGBoost,0.805,0.7798165137614679,0.85,0.76,0.8133971291866029,0.8925,0.7615894039735099,0.6190476190476191,0.7647058823529411,0.76,0.6842105263157895,0.8505882352941176,200,151,0.5,0.33774834437086093
pima,L2,1037,NeuralNetwork,0.78,0.7592592592592593,0.82,0.74,0.7884615384615384,0.8400000000000001,0.7350993377483444,0.5873015873015873,0.7254901960784313,0.74,0.6491228070175439,0.7841176470588235,200,151,0.5,0.33774834437086093
pima,L2,1037,Voting(RF+XGB),0.805,0.7850467289719626,0.84,0.77,0.8115942028985508,0.8963,0.7615894039735099,0.6229508196721312,0.7450980392156863,0.77,0.6785714285714286,0.8509803921568626,200,151,0.5,0.33774834437086093
pima,L2,1037,Stacking(RF+XGB->LR),0.805,0.7904761904761904,0.83,0.78,0.8097560975609757,0.8976,0.7615894039735099,0.6271186440677966,0.7254901960784313,0.78,0.6727272727272727,0.8507843137254901,200,151,0.5,0.33774834437086093
pima,L2,1038,LogisticRegression,0.725,0.7710843373493976,0.64,0.81,0.6994535519125683,0.8467,0.7531645569620253,0.6666666666666666,0.6551724137931034,0.81,0.6608695652173913,0.8429310344827586,200,158,0.5,0.3670886075949367
pima,L2,1038,DecisionTree,0.77,0.7213114754098361,0.88,0.66,0.7927927927927928,0.8208500000000001,0.7468354430379747,0.6046511627906976,0.896551724137931,0.66,0.7222222222222222,0.8138793103448276,200,158,0.5,0.3670886075949367
pima,L2,1038,RandomForest,0.8,0.7884615384615384,0.82,0.78,0.803921568627451,0.8786999999999999,0.7848101265822784,0.6764705882352942,0.7931034482758621,0.78,0.7301587301587301,0.8586206896551724,200,158,0.5,0.3670886075949367
pima,L2,1038,SVM,0.79,0.7735849056603774,0.82,0.76,0.7961165048543689,0.8596,0.7721518987341772,0.6571428571428571,0.7931034482758621,0.76,0.71875,0.8510344827586207,200,158,0.5,0.3670886075949367
pima,L2,1038,XGBoost,0.795,0.7706422018348624,0.84,0.75,0.8038277511961722,0.8647,0.7721518987341772,0.6527777777777778,0.8103448275862069,0.75,0.7230769230769231,0.8472413793103448,200,158,0.5,0.3670886075949367
pima,L2,1038,NeuralNetwork,0.785,0.7938144329896907,0.77,0.8,0.7817258883248731,0.8460000000000001,0.7784810126582279,0.6825396825396826,0.7413793103448276,0.8,0.7107438016528925,0.8296551724137932,200,158,0.5,0.3670886075949367
pima,L2,1038,Voting(RF+XGB),0.79,0.7735849056603774,0.82,0.76,0.7961165048543689,0.8721,0.7784810126582279,0.6619718309859155,0.8103448275862069,0.76,0.7286821705426356,0.853103448275862,200,158,0.5,0.3670886075949367
pima,L2,1038,Stacking(RF+XGB->LR),0.795,0.780952380952381,0.82,0.77,0.8,0.874,0.7848101265822784,0.6714285714285714,0.8103448275862069,0.77,0.734375,0.8544827586206897,200,158,0.5,0.3670886075949367
pima,L2,1039,LogisticRegression,0.73,0.73,0.73,0.73,0.73,0.835,0.7375,0.625,0.75,0.73,0.6818181818181818,0.8421666666666667,200,160,0.5,0.375
pima,L2,1039,DecisionTree,0.81,0.8369565217391305,0.77,0.85,0.8020833333333334,0.82665,0.79375,0.7368421052631579,0.7,0.85,0.717948717948718,0.7853333333333334,200,160,0.5,0.375
pima,L2,1039,RandomForest,0.8,0.7830188679245284,0.83,0.77,0.8058252427184466,0.8922,0.775,0.6714285714285714,0.7833333333333333,0.77,0.7230769230769231,0.8696666666666666,200,160,0.5,0.375
pima,L2,1039,SVM,0.775,0.7350427350427351,0.86,0.69,0.7926267281105991,0.85515,0.75,0.6219512195121951,0.85,0.69,0.7183098591549296,0.8415833333333333,200,160,0.5,0.375
pima,L2,1039,XGBoost,0.805,0.7961165048543689,0.82,0.79,0.8078817733990148,0.8801,0.78125,0.6865671641791045,0.7666666666666667,0.79,0.7244094488188977,0.8573333333333334,200,160,0.5,0.375
pima,L2,1039,NeuralNetwork,0.77,0.75,0.81,0.73,0.7788461538461539,0.8576,0.75625,0.64,0.8,0.73,0.7111111111111111,0.847,200,160,0.5,0.375
pima,L2,1039,Voting(RF+XGB),0.8,0.7884615384615384,0.82,0.78,0.803921568627451,0.8915,0.775,0.6764705882352942,0.7666666666666667,0.78,0.71875,0.8668333333333333,200,160,0.5,0.375
pima,L2,1039,Stacking(RF+XGB->LR),0.8,0.7884615384615384,0.82,0.78,0.803921568627451,0.8929,0.775,0.6764705882352942,0.7666666666666667,0.78,0.71875,0.8685,200,160,0.5,0.375
pima,L2,1040,LogisticRegression,0.745,0.7692307692307693,0.7,0.79,0.7329842931937173,0.8405,0.7666666666666667,0.631578947368421,0.72,0.79,0.6728971962616822,0.8380000000000001,200,150,0.5,0.3333333333333333
pima,L2,1040,DecisionTree,0.775,0.7570093457943925,0.81,0.74,0.782608695652174,0.8223499999999999,0.74,0.5873015873015873,0.74,0.74,0.6548672566371682,0.7882,200,150,0.5,0.3333333333333333
pima,L2,1040,RandomForest,0.815,0.8118811881188119,0.82,0.81,0.8159203980099502,0.8906,0.7866666666666666,0.6607142857142857,0.74,0.81,0.6981132075471698,0.8560000000000001,200,150,0.5,0.3333333333333333
pima,L2,1040,SVM,0.81,0.81,0.81,0.81,0.81,0.889,0.7866666666666666,0.6607142857142857,0.74,0.81,0.6981132075471698,0.8712,200,150,0.5,0.3333333333333333
pima,L2,1040,XGBoost,0.815,0.8,0.84,0.79,0.8195121951219512,0.8845,0.7933333333333333,0.6557377049180327,0.8,0.79,0.7207207207207207,0.8564,200,150,0.5,0.3333333333333333
pima,L2,1040,NeuralNetwork,0.81,0.8522727272727273,0.75,0.87,0.7978723404255319,0.8782,0.8066666666666666,0.723404255319149,0.68,0.87,0.7010309278350515,0.8454,200,150,0.5,0.3333333333333333
pima,L2,1040,Voting(RF+XGB),0.805,0.7904761904761904,0.83,0.78,0.8097560975609757,0.8928,0.78,0.639344262295082,0.78,0.78,0.7027027027027027,0.8626,200,150,0.5,0.3333333333333333
pima,L2,1040,Stacking(RF+XGB->LR),0.81,0.803921568627451,0.82,0.8,0.8118811881188119,0.8922,0.7866666666666666,0.6551724137931034,0.76,0.8,0.7037037037037037,0.8626,200,150,0.5,0.3333333333333333
pima,L2,1041,LogisticRegression,0.765,0.7476635514018691,0.8,0.73,0.7729468599033816,0.8665,0.7466666666666667,0.5909090909090909,0.78,0.73,0.6724137931034483,0.8608,200,150,0.5,0.3333333333333333
pima,L2,1041,DecisionTree,0.79,0.7457627118644068,0.88,0.7,0.8073394495412844,0.8666,0.7533333333333333,0.589041095890411,0.86,0.7,0.6991869918699187,0.8521,200,150,0.5,0.3333333333333333
pima,L2,1041,RandomForest,0.84,0.7833333333333333,0.94,0.74,0.8545454545454545,0.9273,0.8,0.6388888888888888,0.92,0.74,0.7540983606557377,0.9046,200,150,0.5,0.3333333333333333
pima,L2,1041,SVM,0.8,0.7459016393442623,0.91,0.69,0.8198198198198198,0.875,0.7533333333333333,0.5866666666666667,0.88,0.69,0.704,0.8553999999999999,200,150,0.5,0.3333333333333333
pima,L2,1041,XGBoost,0.795,0.7478991596638656,0.89,0.7,0.8127853881278538,0.9040999999999999,0.7533333333333333,0.589041095890411,0.86,0.7,0.6991869918699187,0.8902,200,150,0.5,0.3333333333333333
pima,L2,1041,NeuralNetwork,0.825,0.76,0.95,0.7,0.8444444444444444,0.8968,0.78,0.6103896103896104,0.94,0.7,0.7401574803149606,0.88,200,150,0.5,0.3333333333333333
pima,L2,1041,Voting(RF+XGB),0.82,0.7622950819672131,0.93,0.71,0.8378378378378378,0.9183,0.78,0.6133333333333333,0.92,0.71,0.736,0.9006000000000001,200,150,0.5,0.3333333333333333
pima,L2,1041,Stacking(RF+XGB->LR),0.83,0.775,0.93,0.73,0.8454545454545455,0.9238000000000001,0.7933333333333333,0.6301369863013698,0.92,0.73,0.7479674796747967,0.9044000000000001,200,150,0.5,0.3333333333333333
pima,L2,1042,LogisticRegression,0.76,0.7708333333333334,0.74,0.78,0.7551020408163265,0.8673000000000001,0.775,0.6764705882352942,0.7666666666666667,0.78,0.71875,0.8735,200,160,0.5,0.375
pima,L2,1042,DecisionTree,0.765,0.71900826446281,0.87,0.66,0.7873303167420814,0.8636000000000001,0.725,0.5952380952380952,0.8333333333333334,0.66,0.6944444444444444,0.8484166666666666,200,160,0.5,0.375
pima,L2,1042,RandomForest,0.845,0.8053097345132744,0.91,0.78,0.8544600938967136,0.9112,0.8125,0.7027027027027027,0.8666666666666667,0.78,0.7761194029850746,0.8879999999999999,200,160,0.5,0.375
pima,L2,1042,SVM,0.805,0.7747747747747747,0.86,0.75,0.8151658767772512,0.8727,0.78125,0.6666666666666666,0.8333333333333334,0.75,0.7407407407407407,0.856,200,160,0.5,0.375
pima,L2,1042,XGBoost,0.815,0.7787610619469026,0.88,0.75,0.8262910798122066,0.9037,0.78125,0.6666666666666666,0.8333333333333334,0.75,0.7407407407407407,0.8818333333333334,200,160,0.5,0.375
pima,L2,1042,NeuralNetwork,0.82,0.7962962962962963,0.86,0.78,0.8269230769230769,0.8671,0.8,0.6944444444444444,0.8333333333333334,0.78,0.7575757575757576,0.8486666666666668,200,160,0.5,0.375
pima,L2,1042,Voting(RF+XGB),0.83,0.7894736842105263,0.9,0.76,0.8411214953271028,0.9112,0.79375,0.68,0.85,0.76,0.7555555555555555,0.8888333333333334,200,160,0.5,0.375
pima,L2,1042,Stacking(RF+XGB->LR),0.835,0.7964601769911505,0.9,0.77,0.8450704225352113,0.9111,0.8,0.6891891891891891,0.85,0.77,0.7611940298507462,0.8885,200,160,0.5,0.375
pima,L2,1043,LogisticRegression,0.72,0.7291666666666666,0.7,0.74,0.7142857142857143,0.8351,0.7302631578947368,0.5873015873015873,0.7115384615384616,0.74,0.6434782608695652,0.8375,200,152,0.5,0.34210526315789475
pima,L2,1043,DecisionTree,0.77,0.77,0.77,0.77,0.77,0.8108000000000001,0.75,0.6166666666666667,0.7115384615384616,0.77,0.6607142857142857,0.7924038461538461,200,152,0.5,0.34210526315789475
pima,L2,1043,RandomForest,0.805,0.7904761904761904,0.83,0.78,0.8097560975609757,0.8870999999999999,0.7763157894736842,0.6451612903225806,0.7692307692307693,0.78,0.7017543859649122,0.8561538461538462,200,152,0.5,0.34210526315789475
pima,L2,1043,SVM,0.775,0.7477477477477478,0.83,0.72,0.7867298578199052,0.8535999999999999,0.743421052631579,0.5942028985507246,0.7884615384615384,0.72,0.6776859504132231,0.8378846153846154,200,152,0.5,0.34210526315789475
pima,L2,1043,XGBoost,0.795,0.7706422018348624,0.84,0.75,0.8038277511961722,0.8805,0.7763157894736842,0.6323529411764706,0.8269230769230769,0.75,0.7166666666666667,0.8596153846153846,200,152,0.5,0.34210526315789475
pima,L2,1043,NeuralNetwork,0.79,0.7735849056603774,0.82,0.76,0.7961165048543689,0.854,0.756578947368421,0.6190476190476191,0.75,0.76,0.6782608695652174,0.8232692307692308,200,152,0.5,0.34210526315789475
pima,L2,1043,Voting(RF+XGB),0.795,0.7757009345794392,0.83,0.76,0.8019323671497585,0.8873,0.7697368421052632,0.6307692307692307,0.7884615384615384,0.76,0.7008547008547008,0.8613461538461539,200,152,0.5,0.34210526315789475
pima,L2,1043,Stacking(RF+XGB->LR),0.805,0.7850467289719626,0.84,0.77,0.8115942028985508,0.8875000000000001,0.7763157894736842,0.640625,0.7884615384615384,0.77,0.7068965517241379,0.8590384615384615,200,152,0.5,0.34210526315789475
pima,L2,1044,LogisticRegression,0.75,0.7777777777777778,0.7,0.8,0.7368421052631579,0.8384,0.7911392405063291,0.6923076923076923,0.7758620689655172,0.8,0.7317073170731707,0.848448275862069,200,158,0.5,0.3670886075949367
pima,L2,1044,DecisionTree,0.74,0.7105263157894737,0.81,0.67,0.7570093457943925,0.7972000000000001,0.7025316455696202,0.5714285714285714,0.7586206896551724,0.67,0.6518518518518519,0.7807758620689655,200,158,0.5,0.3670886075949367
pima,L2,1044,RandomForest,0.78,0.7857142857142857,0.77,0.79,0.7777777777777778,0.8593,0.7658227848101266,0.6666666666666666,0.7241379310344828,0.79,0.6942148760330579,0.8218965517241379,200,158,0.5,0.3670886075949367
pima,L2,1044,SVM,0.785,0.7714285714285715,0.81,0.76,0.7902439024390244,0.8422999999999999,0.759493670886076,0.6470588235294118,0.7586206896551724,0.76,0.6984126984126984,0.8234482758620689,200,158,0.5,0.3670886075949367
pima,L2,1044,XGBoost,0.795,0.8041237113402062,0.78,0.81,0.7918781725888325,0.854,0.7784810126582279,0.6885245901639344,0.7241379310344828,0.81,0.7058823529411765,0.828103448275862,200,158,0.5,0.3670886075949367
pima,L2,1044,NeuralNetwork,0.755,0.7524752475247525,0.76,0.75,0.7562189054726368,0.8428999999999999,0.7341772151898734,0.6212121212121212,0.7068965517241379,0.75,0.6612903225806451,0.8170689655172414,200,158,0.5,0.3670886075949367
pima,L2,1044,Voting(RF+XGB),0.795,0.7920792079207921,0.8,0.79,0.7960199004975125,0.8588,0.7658227848101266,0.6666666666666666,0.7241379310344828,0.79,0.6942148760330579,0.8279310344827586,200,158,0.5,0.3670886075949367
pima,L2,1044,Stacking(RF+XGB->LR),0.785,0.7938144329896907,0.77,0.8,0.7817258883248731,0.8603999999999999,0.7721518987341772,0.6774193548387096,0.7241379310344828,0.8,0.7,0.824655172413793,200,158,0.5,0.3670886075949367
pima,L2,1045,LogisticRegression,0.76,0.7954545454545454,0.7,0.82,0.7446808510638298,0.8514,0.7898089171974523,0.7,0.7368421052631579,0.82,0.717948717948718,0.8489473684210526,200,157,0.5,0.3630573248407643
pima,L2,1045,DecisionTree,0.75,0.711864406779661,0.84,0.66,0.7706422018348624,0.7909,0.7133757961783439,0.575,0.8070175438596491,0.66,0.6715328467153284,0.7660526315789473,200,157,0.5,0.3630573248407643
pima,L2,1045,RandomForest,0.815,0.8,0.84,0.79,0.8195121951219512,0.8896,0.7834394904458599,0.676923076923077,0.7719298245614035,0.79,0.7213114754098361,0.8601754385964911,200,157,0.5,0.3630573248407643
pima,L2,1045,SVM,0.8,0.7727272727272727,0.85,0.75,0.8095238095238095,0.8762,0.7643312101910829,0.6428571428571429,0.7894736842105263,0.75,0.7086614173228346,0.852280701754386,200,157,0.5,0.3630573248407643
pima,L2,1045,XGBoost,0.805,0.7904761904761904,0.83,0.78,0.8097560975609757,0.8754,0.7834394904458599,0.6716417910447762,0.7894736842105263,0.78,0.7258064516129032,0.8517543859649123,200,157,0.5,0.3630573248407643
pima,L2,1045,NeuralNetwork,0.8,0.7777777777777778,0.84,0.76,0.8076923076923077,0.8636999999999999,0.7579617834394905,0.6417910447761194,0.7543859649122807,0.76,0.6935483870967742,0.8380701754385965,200,157,0.5,0.3630573248407643
pima,L2,1045,Voting(RF+XGB),0.82,0.8076923076923077,0.84,0.8,0.8235294117647058,0.8833,0.7961783439490446,0.6923076923076923,0.7894736842105263,0.8,0.7377049180327869,0.8566666666666667,200,157,0.5,0.3630573248407643
pima,L2,1045,Stacking(RF+XGB->LR),0.815,0.8118811881188119,0.82,0.81,0.8159203980099502,0.8851,0.7961783439490446,0.6984126984126984,0.7719298245614035,0.81,0.7333333333333333,0.8577192982456141,200,157,0.5,0.3630573248407643
pima,L2,1046,LogisticRegression,0.74,0.75,0.72,0.76,0.7346938775510204,0.8239,0.7651006711409396,0.6129032258064516,0.7755102040816326,0.76,0.6846846846846847,0.8279591836734693,200,149,0.5,0.3288590604026846
pima,L2,1046,DecisionTree,0.77,0.7368421052631579,0.84,0.7,0.7850467289719626,0.8197500000000001,0.738255033557047,0.5714285714285714,0.8163265306122449,0.7,0.6722689075630253,0.8116326530612245,200,149,0.5,0.3288590604026846
pima,L2,1046,RandomForest,0.795,0.7478991596638656,0.89,0.7,0.8127853881278538,0.8696,0.7516778523489933,0.5833333333333334,0.8571428571428571,0.7,0.6942148760330579,0.8363265306122449,200,149,0.5,0.3288590604026846
pima,L2,1046,SVM,0.76,0.7166666666666667,0.86,0.66,0.7818181818181819,0.8438,0.7114093959731543,0.5405405405405406,0.8163265306122449,0.66,0.6504065040650406,0.8206122448979591,200,149,0.5,0.3288590604026846
pima,L2,1046,XGBoost,0.76,0.7241379310344828,0.84,0.68,0.7777777777777778,0.8508000000000001,0.738255033557047,0.5675675675675675,0.8571428571428571,0.68,0.6829268292682927,0.8346938775510203,200,149,0.5,0.3288590604026846
pima,L2,1046,NeuralNetwork,0.79,0.7543859649122807,0.86,0.72,0.8037383177570093,0.8528,0.7583892617449665,0.5942028985507246,0.8367346938775511,0.72,0.6949152542372882,0.8344897959183674,200,149,0.5,0.3288590604026846
pima,L2,1046,Voting(RF+XGB),0.78,0.7372881355932204,0.87,0.69,0.7981651376146789,0.8632,0.7449664429530202,0.5753424657534246,0.8571428571428571,0.69,0.6885245901639344,0.836530612244898,200,149,0.5,0.3288590604026846
pima,L2,1046,Stacking(RF+XGB->LR),0.785,0.7435897435897436,0.87,0.7,0.8018433179723502,0.8656,0.7516778523489933,0.5833333333333334,0.8571428571428571,0.7,0.6942148760330579,0.8381632653061223,200,149,0.5,0.3288590604026846
pima,L2,1047,LogisticRegression,0.69,0.7065217391304348,0.65,0.73,0.6770833333333334,0.7894,0.7189542483660131,0.578125,0.6981132075471698,0.73,0.6324786324786325,0.7837735849056604,200,153,0.5,0.3464052287581699
pima,L2,1047,DecisionTree,0.74,0.7307692307692307,0.76,0.72,0.7450980392156863,0.76805,0.7189542483660131,0.5757575757575758,0.7169811320754716,0.72,0.6386554621848739,0.735188679245283,200,153,0.5,0.3464052287581699
pima,L2,1047,RandomForest,0.77,0.7547169811320755,0.8,0.74,0.7766990291262136,0.8432999999999999,0.7450980392156863,0.6060606060606061,0.7547169811320755,0.74,0.6722689075630253,0.8035849056603774,200,153,0.5,0.3464052287581699
pima,L2,1047,SVM,0.725,0.7102803738317757,0.76,0.69,0.7342995169082126,0.8091,0.6993464052287581,0.5507246376811594,0.7169811320754716,0.69,0.6229508196721312,0.7790566037735849,200,153,0.5,0.3464052287581699
pima,L2,1047,XGBoost,0.755,0.7383177570093458,0.79,0.72,0.7632850241545893,0.8202999999999999,0.7254901960784313,0.582089552238806,0.7358490566037735,0.72,0.65,0.7949056603773584,200,153,0.5,0.3464052287581699
pima,L2,1047,NeuralNetwork,0.745,0.7425742574257426,0.75,0.74,0.746268656716418,0.8284,0.7124183006535948,0.5737704918032787,0.660377358490566,0.74,0.6140350877192983,0.7871698113207547,200,153,0.5,0.3464052287581699
pima,L2,1047,Voting(RF+XGB),0.76,0.7452830188679245,0.79,0.73,0.7669902912621359,0.8369000000000001,0.7320261437908496,0.5909090909090909,0.7358490566037735,0.73,0.6554621848739496,0.8056603773584906,200,153,0.5,0.3464052287581699
pima,L2,1047,Stacking(RF+XGB->LR),0.76,0.75,0.78,0.74,0.7647058823529411,0.8385000000000001,0.738562091503268,0.6,0.7358490566037735,0.74,0.6610169491525424,0.8062264150943397,200,153,0.5,0.3464052287581699
pima,L2,1048,LogisticRegression,0.77,0.7755102040816326,0.76,0.78,0.7676767676767676,0.8569,0.74,0.6,0.66,0.78,0.6285714285714286,0.8198,200,150,0.5,0.3333333333333333
pima,L2,1048,DecisionTree,0.79,0.75,0.87,0.71,0.8055555555555556,0.8204,0.7533333333333333,0.5915492957746479,0.84,0.71,0.6942148760330579,0.7747999999999999,200,150,0.5,0.3333333333333333
pima,L2,1048,RandomForest,0.8,0.7678571428571429,0.86,0.74,0.8113207547169812,0.9075,0.74,0.5873015873015873,0.74,0.74,0.6548672566371682,0.8532,200,150,0.5,0.3333333333333333
pima,L2,1048,SVM,0.79,0.7543859649122807,0.86,0.72,0.8037383177570093,0.8765000000000001,0.7333333333333333,0.5757575757575758,0.76,0.72,0.6551724137931034,0.8252,200,150,0.5,0.3333333333333333
pima,L2,1048,XGBoost,0.795,0.7706422018348624,0.84,0.75,0.8038277511961722,0.8865000000000001,0.74,0.5901639344262295,0.72,0.75,0.6486486486486487,0.8328,200,150,0.5,0.3333333333333333
pima,L2,1048,NeuralNetwork,0.82,0.7909090909090909,0.87,0.77,0.8285714285714286,0.8921,0.76,0.6166666666666667,0.74,0.77,0.6727272727272727,0.8408,200,150,0.5,0.3333333333333333
pima,L2,1048,Voting(RF+XGB),0.81,0.7818181818181819,0.86,0.76,0.819047619047619,0.9006,0.7533333333333333,0.6065573770491803,0.74,0.76,0.6666666666666666,0.8458,200,150,0.5,0.3333333333333333
pima,L2,1048,Stacking(RF+XGB->LR),0.815,0.794392523364486,0.85,0.78,0.821256038647343,0.9055000000000001,0.76,0.6206896551724138,0.72,0.78,0.6666666666666666,0.8495999999999999,200,150,0.5,0.3333333333333333
pima,L2,1049,LogisticRegression,0.71,0.75,0.63,0.79,0.6847826086956522,0.8335,0.7307692307692307,0.625,0.625,0.79,0.625,0.8176785714285714,200,156,0.5,0.358974358974359
pima,L2,1049,DecisionTree,0.74,0.7352941176470589,0.75,0.73,0.7425742574257426,0.8133000000000001,0.717948717948718,0.5909090909090909,0.6964285714285714,0.73,0.639344262295082,0.7894642857142857,200,156,0.5,0.358974358974359
pima,L2,1049,RandomForest,0.8,0.7631578947368421,0.87,0.73,0.8130841121495327,0.885,0.75,0.6197183098591549,0.7857142857142857,0.73,0.6929133858267716,0.8441071428571428,200,156,0.5,0.358974358974359
pima,L2,1049,SVM,0.825,0.7981651376146789,0.87,0.78,0.8325358851674641,0.8663000000000001,0.8012820512820513,0.6811594202898551,0.8392857142857143,0.78,0.752,0.8442857142857143,200,156,0.5,0.358974358974359
pima,L2,1049,XGBoost,0.78,0.7592592592592593,0.82,0.74,0.7884615384615384,0.8701000000000001,0.7435897435897436,0.6176470588235294,0.75,0.74,0.6774193548387096,0.8380357142857142,200,156,0.5,0.358974358974359
pima,L2,1049,NeuralNetwork,0.795,0.7864077669902912,0.81,0.78,0.7980295566502463,0.8706999999999999,0.7756410256410257,0.6615384615384615,0.7678571428571429,0.78,0.7107438016528925,0.8483928571428572,200,156,0.5,0.358974358974359
pima,L2,1049,Voting(RF+XGB),0.785,0.7567567567567568,0.84,0.73,0.7962085308056872,0.8794,0.7435897435897436,0.6142857142857143,0.7678571428571429,0.73,0.6825396825396826,0.8416071428571428,200,156,0.5,0.358974358974359
pima,L2,1049,Stacking(RF+XGB->LR),0.785,0.7567567567567568,0.84,0.73,0.7962085308056872,0.883,0.7435897435897436,0.6142857142857143,0.7678571428571429,0.73,0.6825396825396826,0.8432142857142857,200,156,0.5,0.358974358974359
