model,accuracy_mean,accuracy_std,precision_mean,precision_std,sensitivity_mean,sensitivity_std,specificity_mean,specificity_std,f1_mean,f1_std,roc_auc_mean,roc_auc_std
SVM,0.9284523809523809,0.042303590670785866,0.9595649644473174,0.042069735872108584,0.9375274725274726,0.05378764878986564,0.9076190476190475,0.09971902164189443,0.9469653457941556,0.03180580372294927,0.9744080324437467,0.030604770530011854
Stacking(all->LR),0.924404761904762,0.050560176573475085,0.9442990897990897,0.051797004707499594,0.9491208791208792,0.05454745698322839,0.8688095238095238,0.12897496930013702,0.9451015458998218,0.03712736539983844,0.9721650968079539,0.02935615497217736
Voting(all),0.9109999999999999,0.058938225872116,0.9489686563436563,0.04937750404454252,0.9223076923076923,0.0690517041430617,0.8845238095238095,0.11527822793870873,0.9336072992141957,0.04529321768295513,0.972072213500785,0.02843078795605156
RandomForest,0.9224047619047618,0.05263732681528956,0.9467095992243051,0.05237474626282276,0.9437362637362638,0.05661315146973035,0.8752380952380951,0.12975511983002985,0.9435306649227673,0.03804887828120977,0.9696291208791209,0.031758967091460075
NeuralNetwork,0.9100238095238095,0.05659741990738361,0.9461147186147185,0.05190909268767178,0.9244505494505495,0.06460898385828334,0.8764285714285713,0.12377321219837228,0.9333160457012031,0.04250270075114821,0.969198063840921,0.030332366121778136
Stacking(RF+XGB->LR),0.9193809523809524,0.062422466166265546,0.939067559074912,0.058788430521745906,0.9480219780219781,0.058885353833158946,0.8552380952380951,0.148002573980191,0.9419182747936362,0.04491878997109155,0.9670970695970696,0.032308826845774914
Voting(RF+XGB),0.9059523809523811,0.060776618730179234,0.9419831557331557,0.05460682271860446,0.9233516483516483,0.06802998964219278,0.8669047619047618,0.13267786214517893,0.9306042868370454,0.04559034024944464,0.9666378859236002,0.03161849343224721
XGBoost,0.8965000000000001,0.05895830943202366,0.9396722582972583,0.056243127777864964,0.9114835164835164,0.06856364655956582,0.861904761904762,0.13696356726888637,0.923148930205227,0.04508751883615101,0.9621153846153847,0.033201675144162786
LogisticRegression,0.8601904761904763,0.06508383471083619,0.9377726179049709,0.05679063241983407,0.8573626373626374,0.08251897415198146,0.8647619047619048,0.1332285027323738,0.8927093579927404,0.052239896021228194,0.9574620617477761,0.03570560204133474
DecisionTree,0.8486666666666668,0.06757296426411107,0.9044437245760776,0.06572439281333377,0.8775824175824175,0.07685597187164392,0.7838095238095238,0.16011946111799785,0.8879270871762118,0.05070008872876057,0.906025641025641,0.07235444376538108
