,RandomForest,LogisticRegression,XGBoost
Polyuria,0.16753544134746673,1.0665351470086746,1.8594711
Polydipsia,0.15103155712897964,1.3309954075241024,2.0647113
sudden weight loss,0.054495157025427156,0.5265434649464716,0.453708
Gender,0.0462895466587685,0.7613598977522039,1.0560752
partial paresis,0.043669749509561095,0.28431801483800867,0.20831175
Irritability,0.03835458094290749,0.4837647081426622,0.6288364
Itching,0.0244062953051999,0.711866224344204,0.9606266
Alopecia,0.023524468984732726,0.07332895520667203,0.16507512
Polyphagia,0.021149426504544544,0.2652034583001334,0.16261502
Genital thrush,0.020410687218983294,0.6328829139258583,0.44006357
visual blurring,0.019396958424322073,0.5579213315469482,0.3530946
Age,0.016333180339905586,0.052170146027558185,0.31065142
Obesity,0.014950832127584801,0.2144744294379558,0.14362696
delayed healing,0.011261552280803047,0.2725860277027112,0.22343943
weakness,0.00813451532204071,0.13200413708405992,0.11141597
muscle stiffness,0.0063624288926539254,0.00686882703367571,0.08125042
